funny,4
vs,41
personal,48
fetterman,3857
oz,2508
httpst,4917
core6zamzwgt,1
john,1625
radical,74
leftist,62
â€”,190
pa,5272
replace,127
newsmax,15
cozsfsfxtjns,1
colkh7yjbkcu,12
co2eteebs0p2,12
demsabroad,2
please,239
share,207
candidates,390
competitive,219
senate,4491
races,388
like,432
blue,492
reverendwarnock,221
ga,483
cortezmasto,218
nv,426
captmarkkelly,212
az,494
maggiehassan,208
nh,395
michaelbennet,210
co,258
possible,275
timryan,222
oh,560
theothermandela,249
wi,600
cheribeasleync,226
nc,477
valdemings,214
fl,461
vote,490
us,534
opponent,117
real,46
resident,19
really,49
american,7
couurwautaoh,1
missed,9
50,353
council,7
meetings,6
fmr,1
mayor,12
many,100
hearings,1
miss,1
allowed,2
crime,22
increase,294
58,1
think,108
anything,12
senator,84
wont,63
vote4droz,1
makepagreatagain,1
deflects,4
gee,2
doc,16
croc,6
call,98
give,30
straight,7
answer,7
women,998
shy,2
joshshapiropa,141
governor,387
oprah,2
drag,3
back,96
cliffside,3
park,3
nj,93
heels,2
polished,5
politicians,15
streets,5
meme,24
combatants,5
tweets,6
use,24
social,23
media,92
paint,5
portraits,5
illustrated,27
w,119
hannahdormido,7
amp,1008
kevinuhrm,5
co6pb8f22aaf,5
2022,217
primary,132
philly,191
upset,22
people,718
thought,36
kenyatta,20
would,347
end,46
carry,26
city,69
due,46
pas,135
geographically,20
polarized,20
fettermans,152
strength,29
liberal,21
wwc,20
whites,20
throughout,20
able,44
win,190
37,43
co0x5kc08qpu,20
sparkybru,5
certainly,6
evil,9
never,32
represent,48
wrong,16
americans,20
co1lmrdqgrl6,1
momsdemand,1
handled,1
next,21
concerned,121
see,121
failed,21
state,246
candidate,1327
mike,22
millerâ€™s,11
name,15
consideration,11
open,24
seat,549
gomounts,11
board,21
miller,11
running,301
made,33
known,69
extremist,13
far,25
right,68
republicans,77
legislature,18
ðÿ§µ,11
co9zh4tqwrse,11
corlpi1wlga0,3
read,30
gizzis,3
report,13
cowor1csaflt,3
im,103
hope,21
goes,26
clearly,10
gives,4
damn,3
every,64
genuine,1
conmp7n8tkbx,1
coembovompps,1
ddhq,1
forecast,11
update,4
sept,15
20,45
new,206
polls,119
via,86
u,450
georgia,14
spia,1
walker,21
r1,6
6,95
marist,1
warnock,31
d5,5
siena,1
barnes,157
d1,9
house,313
pa08,8
greenberg,1
quinlan,1
rosner,1
cartwright,8
d8,7
watch,27
latest,41
video,72
corjba97iyr1,1
coig0mym1sor,1
good,72
national,107
tv,39
still,70
democratsâ€™,12
best,69
pickup,22
opportunity,15
corr5y4aqaew,12
toddraptor1,1
politicspolls,6
yougovamerica,2
cbsnewspoll,2
prediction,29
rs,67
hold,58
flip,291
red,50
likely,91
ds,28
tossup,19
dont,89
send,129
money,85
guy,510
whos,78
going,221
lose,60
marjorie,36
taylor,35
greene,35
points,176
someone,68
winnable,71
race,485
maybe,121
flnc,35
sec,35
election,227
denier,41
cotjp9f3keyx,35
donate,162
flippable,22
five,55
seats,502
democrats,138
donations,18
split,15
cheri,122
beasley,150
mandela,152
tim,169
ryan,189
val,155
demings,150
coillxca16hb,13
support,324
actblue,4
confpshftlsr,1
stephaniet313,1
juliekelly2,2
maga,414
rove,1
took,16
exvangelicalsue,2
realdonaldtrump,3
prison,13
inmate,3
mean,19
ones,8
ballot,34
dscc,4
triple,2
match,2
help,661
narrow,7
finish,4
ðÿ’™ðÿœÿðÿ™ðÿ¼,2
coq6mfypilsp,2
â€œoz,10
get,137
2025,9
voteâ€,10
dumbest,9
take,63
discourse,8
may,62
struggled,8
among,15
african,9
theyâ€™re,44
united,17
behind,19
border,7
wall,5
keep,58
jersey,80
residents,14
cares,38
reproductive,29
freedom,26
letâ€™s,34
make,206
sure,74
defeats,18
november,84
corzydcydiro,17
okay,17
heres,96
current,27
assessment,14
order,25
likeliest,14
1,91
2,124
3,169
4,156
5,278
7,29
8,82
9,62
10,342
fyi,14
also,671
one,128
odds,19
outright,14
theres,24
choice,42
strong,3
intelligent,2
committed,4
roevember,5
voteblueforsomanyreasons,5
doctoroz,2
another,94
gop,847
magat,4
coabghzxpqvx,2
livepddave1,2
indeed,7
trafalgar,4
within,6
last,33
week,26
blowhards,2
calling,2
kellindamaga,2
adamlevine,4
hes,279
loser,4
afraid,3
tell,10
paans,2
believes,15
fetterwoman,3
tons,3
yes,23
define,2
prolife,2
views,6
policies,10
suck,195
sanity,2
alarm,6
clock,5
loud,6
wake,11
rid,6
bum,7
ðÿ‘žâ¬‡ï¸ðÿ’¡,5
cogauk0gooq0,5
got,60
news,37
mr,5
carlson,179
others,2
violent,11
seriously,9
difference,6
understand,12
truly,10
cosr3msaffld,3
fall,7
ðÿ,1
oilman,1
heâ€™s,60
fun,28
bragging,1
nothing,25
else,19
doesnâ€™t,26
care,13
trump,92
donâ€™t,29
fooled,1
actor,1
brain,5
wisely,3
research,24
question,15
hollywilcox,3
davidhogg111,3
need,310
hard,9
esp,5
wgerrymandering,3
predictit,3
puts,4
r,306
majority,150
75,4
average,9
15,13
well,35
comp0sti4j15,3
colrbvs6libu,1
character,1473
trumper,193
even,300
lived,212
needs,228
gotv,196
chip,323
25,322
100,329
250,218
500,240
coz3f4ltlvaa,319
coya7kgjgeao,191
time,95
voting,141
health,2373
unofficial,10
results,31
precarious,10
periods,10
spread,11
myths,10
disinformation,10
epicenter,10
misinformation,11
officials,26
begged,10
solution,10
com0wxr7k6mq,10
codskx1ptfmv,1
braveomatic,1
cacophonoushodw,1
included,4
history,535
frutherford,1
illustrate,1
biasâ€”the,1
obviously,4
impacted,1
gerrymandering,1
deemed,3
leans,22
despite,8
deadheat,1
sen,7
poll,125
leaning,9
democratic,565
literal,1
stud,1
star,2
wizard,2
bright,1
doctor,25
ever,18
look,58
ðÿ—³ï¸â˜®ï¸ðÿœš,1
sundaythoughts,1
ðÿ³ï¸â€ðÿœˆlgbtqia,1
pride,1
noh8,1
resistance,1
fbr,1
strongertogether2022,1
bluewave,2
co1977oyo8hw,1
mw,5
kwe,1
pou,50
nivow,1
yourili,1
klã¨,2
ke,7
ou,16
gen,34
gwo,2
bilan,1
poum,1
di,23
genyennen,1
la,27
si,21
nou,32
ka,34
ede,2
pep,1
lanap,1
retire,2
enpe,1
nn,1
jan,45
pã¨p,7
wã¨,4
noupaske,1
li,35
ariel,5
ap,34
touye,2
tt,1
moun,24
senatã¨,43
ale,3
1023,1
kc2fargo,1
today,653
dems,75
played,2
early,17
talk,24
â€œbadâ€,1
arenâ€™t,2
much,60
better,28
inflationeconomy,1
matter,8
said,169
say,87
coyqyxrjwdcw,1
co671hvc32yb,1
aaronparnas,9
nope50998430,1
palmerreport,38
recent,57
gov,354
mastrianos,40
net,41
favorability,74
35,40
worse,47
shapiros,41
gap,41
2128,39
mi,60
dixon,39
28,39
double,41
digits,41
less,52
pronounced,40
colpbsytsjle,39
stop,38
dr,888
passing,13
ban,28
comes,16
proudly,9
stand,24
defend,27
womens,16
co86ufw5uydj,9
sits,2
mansion,7
makes,19
salty,1
according,27
data,9
google,12
senatefund,6
focused,54
digital,9
political,42
ad,16
spending,17
past,14
change,22
prior,9
18,8
24,55
249k,6
ðÿ¡¶,12
18k,6
203k,6
ðÿ¡µ,12
67k,6
163k,6
17k,6
159k,6
flat,7
72k,6
8k,6
cofxgqzeitbc,6
cow9hr1ploug,1
co31qhdjbbdc,1
philopals,1
seafocks,1
liar,6
lied,5
co8yjekcikdx,2
proud,11
endorsed,31
pennanurses,4
healthcare,7
largest,5
industry,4
school,2162
thousands,10
nurses,7
work,21
tirelessly,3
community,6
healthy,28
excited,13
ready,19
comd5mqaqxkz,3
montyboa99,1
co0orz1br23c,1
co8yjekcist5,1
beware,1
coodmt2g8vmz,1
getting,131
big,643
black,146
crowd,109
talked,104
responding,104
saying,114
supporters,104
seemed,104
lets,45
kids,8
coqoinqhcumq,1
democrat,735
long,540
paying,525
dozens,515
liens,516
25k,514
owed,515
supporter,519
public,537
schools,523
sue,515
unpaid,514
bills,515
2016,525
colilw5q7koh,514
co8ehwpwsyyk,514
joseph,3
lambert,4
lap,11
vin,6
ak,18
yon,42
rezolisyonpwopoze,1
nouvo,2
gouvã¨nmansa,1
jou,5
depil,1
te,17
sa,84
pã¨sonn,1
janm,9
tandel,1
ankã²,4
paske,6
patwonlblan,1
dilâ€shut,1
fuck,4
filthy,2
niggerâ€depi,1
lã¨,4
rantre,1
nan,66
twoulðÿ¤”,1
colrj41hezql,1
explain,6
single,11
negative,3
looks,15
came,18
fever,1
dream,5
joebiden,4
jonathantamari,24
spin,10
enough,41
campaigning,20
alternative,10
disastrous,9
nation,13
politics,11
friend,17
recently,4
mentioned,2
lieutenant,9
releasing,5
prisoners,4
corrected,1
unaware,1
context,5
efforts,104
reform,41
believed,1
opponents,6
dunyetareyou,2
nancycone14,2
grifters,2
grifting,4
desperate,6
rnc,2
helping,7
mcconnell,14
throwing,4
vance,14
ohio,26
mitch,7
yanked,2
hopefuls,2
losing,12
yay,3
ðÿ˜‚,4
born,5
nyc,22
grew,2
northern,4
22,23
years,468
pgh,1
elect,45
country,27
incl,1
great,42
commonwealth,6
birthplace,1
co2lfgznawrn,1
co59zifummwb,2
codp7f8rfuyx,2
cozdnlxyztma,1
weâ€™re,5
party,69
americaâ€™s,3
battleground,4
line,17
lead,41
ticket,85
retweet,64
pennsylvania,722
copggjac6509,3
cassynenel,3
konpliman,1
tout,23
bã¨l,3
volonte,2
manifeste,1
pouw,1
lage,1
batay,3
nenel,1
cassy,1
wisconsin,11
north,12
carolina,2
florida,6
nominees,5
couqyzggiwqh,1
schlagteslinks,4
listen,10
folks,8
ron,6
johnson,18
gonna,12
anybody,4
three,8
weak,5
besides,5
main,8
chances,42
5050,14
know,65
erie,1
county,48
voter,16
common,4
themâ€,1
pasen,39
cojgnljjuh1i,1
proposed,9
bill,103
require,9
drivers,7
pay,21
turnpike,7
fees,11
registering,31
car,7
smartnews,1
coxoqdirrths,1
washington,12
post,37
fettermanoz,31
campaign,262
cogfic0u7ao7,1
internetculture,1
memes,15
stushoes18,1
iapolls2022,5
result,2
5149,1
activists,5
elected,39
want,50
reach,17
philadelphia,33
coqtzun3boem,2
vetting,18
serve,21
tonight,378
hannity,285
analysis,30
nbsaphiermd,9
drmarcsiegel,8
cooimmuu9uhi,4
jayejaybird54,1
thats,30
rich,417
healthhit,5
sponged,5
tony,7
parents,36
til,8
49,130
attacks,8
ozâ€™s,109
wealth,5
bitter,5
coqoyqvowpes,1
nypost,10
falls,27
township,28
supporting,35
ashley,31
ehasz,30
steve,32
santarsiero,27
cojikshrmktb,27
iâ€™m,51
huge,5
critic,3
honestly,4
america,50
whole,8
bernie,5
wing,7
must,60
unite,3
around,15
chance,50
quest,3
60,5
2024,15
eyes,287
voters,483
asking,287
following,277
react,274
map,44
september,21
part,28
copmgbcphlyq,11
rep,66
52,19
dem,107
48,23
toss,94
0,16
lean,48
copa,20
tilt,54
azganv,13
ncohwi,21
electiontwitter,20
senateforecastmap2022,20
sen2022,20
coft8bgcgjqi,11
point,19
itâ€™s,226
religion,3
dual,3
citizenship,8
â€˜including,3
suggested,3
fearful,3
muslims,3
serving,9
congress,18
first,29
muslim,3
â€™,3
co6izhcful01,3
heated,6
midterm,39
iâ€™ve,7
ground,6
talking,10
matters,9
hereâ€™s,9
told,60
foxnews,8
foxnewsmmr,4
coa1wbz9kahv,4
heavenscent88,1
type,1
solid,5
doubt,5
go,66
used,8
live,50
might,16
pick,16
cozfseouhnrl,1
theyll,9
bites,1
em,1
biden,19
ha,2
nonsense,8
fires,1
ðÿ˜‚ðÿ˜‚ðÿ˜‚,3
havenâ€™t,1
held,34
serious,3
jobs,6
podium,1
coq5tmtyoyxj,4
nominee,173
lt,109
continues,77
withhold,73
multiple,74
calls,76
local,79
cogwuyc3pirm,71
youngmagabackup,1
believe,23
crossover,1
unqualified,4
snake,20
oil,21
salesman,14
turkish,24
mouthpiece,4
nationâ€™s,4
democracy,74
depends,10
winning,15
fettermanisthebetterman,9
mcall,5
style,2
isnt,23
low,10
key,41
idea,18
stands,5
allowing,2
police,16
embezzle,1
bridge,4
funded,1
run,94
ads,35
co3cpudzcj7c,1
coqbwakrnuv1,1
cblackburn2017,1
sbogg10,1
bigot,1
related,1
citizen,11
living,13
republican,301
jackie,2
baker,4
speaking,8
wayne,2
brunch,2
cartwrightpa,20
shortly,2
con50kvaehpt,2
2018,19
reducing,1
populations,1
sexy,1
since,51
evers,3
released,23
hundreds,3
inmates,2
including,49
murderers,9
attempted,1
rapists,1
coonikf4eay5,1
con0urovgqyi,1
co3luhozljll,1
eatdewwrite,1
exactly,5
elections,18
giving,8
stomach,1
ulcer,1
wtaf,1
dixoncox12,2
cozmikstar12,1
states,102
swing,23
legislatures,2
legislators,5
sued,1
claiming,2
law,14
passed,19
unconstitutional,1
aj0739,1
listening,2
msnbc,4
ny,11
times,12
râ€™s,2
lately,1
lee,2
instead,5
leadership,4
conspire,1
bring,81
minute,3
thus,5
assuring,1
peoples,1
priorities,14
sacrificed,1
without,8
adebanjo,1
injustice,1
unfair,2
treatment,3
igbos,1
apc,1
govt,7
glaring,1
president,28
cjn,1
vp,5
speaker,4
southwest,5
p,6
south,3
voice,3
decision,10
making,24
hence,1
ew,1
peoplespundit,6
crazy,14
problem,18
nice,12
caricatures,7
show,45
become,26
coj6uop6kvet,7
q,2
calendars,1
grps,1
spend,4
wash,1
home,47
offices,3
sets,1
staff,9
ck,1
senators,4
websites,3
twitter,9
events,3
nov,21
senbobcasey,1
sentoomey,2
retiring,3
johnfettermanðÿœš,1
ðÿ‘‡ðÿ»,1
co7qyjd9eac4,1
ronfilipkowski,2
taking,31
count,6
flipping,16
holding,8
could,106
wish,4
butter,2
sculpture,2
coovfjpu7yit,1
touted,2
working,16
â€œevery,2
worried,411
courting,2
bigcity,2
particular,2
co2syx6ocupe,2
sparebostonian,1
nail,1
vt,2
nolan,1
bc,23
phil,1
scott,1
coattails,1
coil7rsq9re9,1
pmcdee,1
sounds,5
utmost,1
importance,2
base,2
future,16
different,7
mcdonalds,1
burger,1
king,2
top,23
criteria,2
jadair,2
senmastriano,3
heck,3
belongs,3
asylum,2
hateful,2
jerk,2
ikeyraw1977,1
happened,3
stumble,2
upon,1
man,83
everything,18
happens,2
reason,17
thatâ€™s,17
true,22
reporting,3
â€œtrue,1
factsâ€,1
citizens,11
thank,25
thehoodedwonder,1
god,10
bless,1
hasnt,3
gotten,4
communicating,1
coherently,3
says,22
requires,2
closed,3
captioning,1
questions,15
provide,2
cc,9
mentally,3
office,31
med,2
debate,70
cokqutmaabut,1
cosiod9cjuqs,1
interesting,6
guide,21
capitalstar,1
centralpa,2
cogadtpdpaan,1
hey,15
rumpputin,1
shill,2
foreign,2
shares,1
lake,2
canada,3
threaten,1
pissed,2
kicked,1
devils,1
actually,189
knows,26
geography,1
cogqouxq1hlw,1
cooj8wb3m6a4,1
ðÿ¤žðÿ¤ž,7
cosgw7d2ahag,3
conservmillen,1
yesterday,4
rare,1
exceptions,3
feel,15
safe,15
visiting,1
anymore,4
co8vyuj29nw2,2
coontr4p9taw,2
cor61dtjvrtr,1
coxq8lgsjvys,1
ð•ðžð“ð„ðÿ—³ï¸ð…ðžð­ð­ðžð«ð¦ðšð§ðˆð¬ð“ð¡ðžððžð­ð­ðžð«ð¦ðšð§,2
ððžð§ð§ð¬ð²ð¥ð¯ðšð§ð¢ðš,2
ðƒð¨ðœð­ð¨ð«ð¬,2
ðœðšð¥ð¥,2
ðœðžð¡ð¦ðžð­,2
ðžð³â€™ð¬,2
ð‘ð®ð§,2
ðÿð¨ð«,2
ð­ð¡ðž,2
ð’ðžð§ðšð­ðž,2
ð­ð¨,4
ððž,2
ðšâš,2
ï¸ð“ð¡ð«ðžðšð­,2
ðð®ð›ð¥ð¢ðœ,2
ð‡ðžðšð¥ð­ð¡âš,2
ï¸,2
cobrnkdee6m8,2
politicsrea,9
3fiddy5,1
wonâ€™t,12
offs,1
put,20
platform,4
specifics,2
um,1
obamacare,2
yeah,21
mess,10
thanks,32
hmmm,1
doesnt,36
sound,2
wave,11
darn,1
pollsters,1
abc,1
overrepresenting,1
rubes,1
note,3
probably,18
260,1
co0pmzsocqqp,1
dc,7
victory,38
wins,19
arent,8
felt,1
registered,37
swung,1
didnt,11
handling,1
economy,17
decide,6
cow6zxvwdpz7,1
weird,2
wants,20
kidnap,1
cruelly,1
imprison,1
innocent,41
entire,8
lives,33
crimes,2
commit,2
mainly,2
paid,145
quack,18
votes,59
mastriano,261
signing,2
death,20
sentence,12
votebluein2022,4
co8b2o7guyyl,1
co8b2o7gcy7d,1
lawmaker,2
taps,1
politically,3
connected,1
lobbyist,1
chief,2
coouh1v8yc7r,1
spotlightpa,6
co0mzxezsfji,1
cojlms8ovos5,1
cokfwvnmqoaa,1
co56rh36jp5p,1
â­flippable,32
timryanoh,32
cheribeasleyncnc,32
valdemingsfl,32
tried,73
proven,33
professional,34
outofstarters,32
â¬‡ï¸,33
comwevx3uryw,32
demvoice1,226
onev1,126
bluedot,32
co8nbge2wqp8,32
daily,8
politag,1
ispayoungdems,1
repaustindavis,1
chrisforpa,2
ashleyehasz,1
reelect,4
sons,1
two,64
leaders,1
lobbyists,5
firm,2
cow9bvcczg6m,1
lancasteronline,1
jealously,1
trying,443
buy,422
toomeys,1
million,14
dark,6
pouring,2
let,23
succeed,1
cengiz,2
ã–z,1
doctors,14
treating,2
patients,3
roeroeroeyourvote,1
voteblue2022,4
12,16
insiders,5
privately,1
conceded,1
insider,1
worst,8
campaigns,25
successfully,1
portrayed,1
touch,2
residentâ€,1
eagle63,3
plank,3
try,8
colgythz1332,3
jjabbott,2
done,13
â€œi,3
leader,19
â€˜cause,1
soâ€,1
69news,1
colkcyhmhmyn,1
asked,96
article,5
soon,6
set,15
dim,11
shapiro,361
governorâ€™s,12
cofbboyxyyun,10
bluecollar,2
cred,2
harvardeducated,2
son,5
selfmade,2
insurance,5
executive,2
family,17
nearly,4
cuddly,2
hides,2
terrible,8
actual,5
colaul8q8fij,2
mark,18
kelly,29
apologizes,1
racist,20
joke,9
comparing,2
hispanics,1
monkeys,1
cokx6mfosoub,1
wasnâ€™t,5
yinzer,3
wouldnâ€™t,8
braddock,21
fettterman,1
ðÿ¤,1
cohvypj9t9lk,2
ðÿ”¥,68
showing,77
ozs,72
bad,78
coqrwumoq58l,58
dems4or,58
mobilizeformidterms,90
codr0bg5zjvl,58
releases,10
spotlight,16
couzvww7sglg,1
davesunday,7
total,11
definitely,9
anyone,27
except,9
unfortunately,3
ur,4
grifter,3
con,5
celebrity,16
millions,9
using,10
useless,1
diet,1
pills,2
thinks,20
though,20
life,161
justsaynotooz,1
fettermanforsenate,4
gopelepens,1
yung,9
issue,22
na,55
inamin,1
niya,5
din,6
mismo,1
nagkamali,1
siya,5
pathological,1
paano,1
nagsinungaling,1
profile,1
claims,4
ph,1
website,2
oxford,1
degree,11
raw,1
nicall,1
wala,11
siyang,5
balak,1
icorrect,1
hilarious,2
corjo6doop6j,1
fettermanâ€™s,238
co0y7dceqdhb,2
cos7bwyprce1,1
morning,118
callmuhlenberg,44
college,57
close,89
josh,163
holds,25
wide,12
doug,72
governors,20
coiycrp8xohp,11
toneal70,2
plenty,1
issues,20
criticize,1
aint,1
presides,2
tie,2
vice,2
sana,6
nalang,2
jud,1
anis,1
sila,4
naay,1
memo,1
ðÿ˜¬,2
bizarre,7
deciding,1
medically,2
caused,2
cognitive,3
seen,9
trending,3
keith,1
c,9
burris,1
least,23
pittsburgh,10
postgazette,3
covo63ruvooe,1
mattwolking,1
objected,2
trumpâ€™s,1
ec,1
zero,13
shut,1
objections,1
receive,1
contrast,2
162021,1
voted,20
overturn,1
mob,1
attacked,2
capitol,8
co4gadwcif74,1
consequential,3
cowmqvd16mga,2
comhg0wyzedx,1
coe6rvat85eu,1
harrisburg,17
maneuvers,10
cofy1qpjw6mt,1
endorsement,24
record,5
year,32
ozâœ…,1
vanceâœ…,1
mo,11
eric,1
âœ…,1
morseðÿ˜¢,1
al,5
moðÿ˜¢,1
eventually,1
f,2
buddâœ…,1
laxâœ…,1
mastersâœ…,1
ok,8
twsðÿ˜¢,1
walkerâœ…,1
odeaâœ…,1
suzydefranco,1
imagine,9
manchild,1
dressed,1
walmart,1
shorts,3
hoodie,4
pissing,1
everyone,26
restriction,1
bcs,1
sense,5
families,5
cannot,13
choices,2
vital,2
volimyanervosa,2
riccirichy,2
hahahahahaha,2
expect,4
kanya,2
eh,6
mismong,2
ang,25
nagdeclare,2
ng,38
suspension,2
dahil,8
inclement,2
weather,2
bawal,2
rin,7
umuwi,2
hanggat,2
sinasabi,2
pwede,8
ba,14
ðÿ™ƒ,2
libsoftiktok,1
soft,3
allows,1
kind,18
stupidity,1
sunnyright,1
norm,1
stunt,2
norms,10
debates,7
midlate,1
october,8
usually,2
suffering,1
effects,1
affect,1
speech,18
response,3
ive,7
indicates,1
term,4
empty,43
build,27
register,126
coxj2olng0ov,27
kidding,1
youre,31
insulting,1
supports,9
insurrection,2
treason,1
power,16
mamapiaya,3
elaykho,3
naman,7
nangyaring,3
maganda,3
isyu,3
asukal,6
nagsara,3
ibang,7
planta,3
nawalan,3
trabaho,3
workers,141
ðÿ˜†,7
hindi,7
bumaba,3
kilo,3
naka,3
ilang,4
raid,3
natapos,3
hearing,10
nag,3
angkat,3
ðÿ˜…,3
poasters,1
come,65
january,4
cozhutidxaqb,1
44,98
53,112
11,85
42,118
muhlenbergmcall,65
420,65
lv,66
91316,65
cokpwyyyws9h,65
cotquzdvwxyk,17
coinzzud4sol,17
ratings,39
3148,35
4931,35
2953,35
4441,35
cou9mtbjqsnk,35
thirdyglino,1
mabuti,1
po,1
nagsuspend,1
pennthusiast,4
way,161
underperforming,1
registeringâ,5
codercuifrwd,1
dankmemer27,1
redditlies,1
cant,24
verify,1
itask,1
wouldnt,8
opinion,18
mostly,1
start,9
largescale,1
racism,1
trail,13
tears,1
internment,1
wars,1
pasok,1
jetlag,1
pr3s,1
nauna,1
mag,3
suspend,1
kesa,1
hahahaha,1
nabunturanguy,2
success,13
yong,2
habang,2
nagbibigay,2
pbbm,2
unga,2
iniwanan,2
karamihan,2
kung,6
nagtiyagang,2
patuloy,2
nakaupo,2
nakikinig,2
kailangan,2
bang,3
magsinungaling,2
para,6
palakas,2
nakuha,2
pres,10
position,55
jacobwindrix,6
fact,16
loaned,6
14,8
donates,6
foolish,7
coym2yvpgcvm,1
coiwamgbclml,1
cox4dyc6pfjl,1
coujmkf0yivn,1
launches,29
food,65
truck,33
across,32
fettermobile,36
truckstyle,29
vehicle,29
crisscross,29
organizing,29
selling,36
merchandise,29
informing,29
ourbluevoice,39
proudblue22,39
coltp6ao0xru,29
attending,5
changeâ€™s,6
event,25
â€œâ€¢virtual,5
phone,10
banks,11
caâ€,8
â€“,25
sign,364
join,23
co2kyaz8ijqq,1
cod3g85jtqv1,31
currently,6
session,2
ignoring,9
story,12
cooi8rvizh1l,10
james89055969,2
kaya,2
pla,2
pabida,2
bida,2
ðÿ¤£ðÿ¤£ðÿ¤£,2
asa,3
leni,2
nman,2
pimentel,2
punyemas,2
predictions,6
midterms,32
ct,3
gt,18
ks,8
changes,2
comdbtibsb3a,2
embraced,2
rally,37
cow6lslphktv,2
abostickcpa,1
rncresearch,12
hillary,7
moved,7
bottom,5
functioning,2
azbrittney,1
dot,2
cried,2
trouble,3
obsessed,1
communities,10
words,2
co9g4s8j81ls,1
cofanrhlgfa9,2
grassroots,101
coqpbmnqkkdy,101
smoothjohnny5,1
ryondowns,1
already,13
bodyballiatics,1
pic,1
team,10
turn,6
things,27
43,2
days,13
happen,6
conman,4
pro,9
forced,4
birth,14
gun,29
safety,16
anywhere,7
full,5
became,6
word,4
miracle,4
cure,4
sellin,3
shauna1187,1
appears,4
motivating,1
integral,1
bloc,1
needed,9
size,3
complete,2
overhauling,1
theyâ€™ve,2
considered,1
message,11
august,4
spent,38
8m,5
facebook,20
166k,5
elaijuh,8
coso0puyckye,4
large,5
cheering,2
track,4
coud1nd14i5i,2
pretends,2
fulltime,2
pennsylania,2
5th,3
ave,2
baby,3
cotq1ycbkhvb,2
leftvright2022,1
disenfranchised,1
possibly,8
flips,3
scottpresler,1
looking,21
frightens,1
exudes,1
cotd6bkhuqvl,4
blackknight10k,1
nodemunder1k,1
longer,3
pray,2
fiber,1
willing,6
grandkids,2
wrongs,1
charliekrinkler,1
grittynhl,2
takes,7
owning,1
mascot,1
fetter,4
cotymabrrmen,4
tjcoxcongress,1
david,6
valadeo,1
ca,8
tomwells2022,1
kat,1
cammack,1
ã©lectoral,1
objector,15
tonyvargas,1
bacon,1
ne,1
valarkooshpa,1
marco,1
rubio,10
wadeherringga1,1
buddy,3
carter,1
electoral,58
ram4congress,1
dan,2
bishop,1
rayreedmo,1
ann,2
wagner,1
realrrjenkins,1
glenn,1
thompson,1
reddenoh1,1
chabat,1
rettnewton,1
lesgarainak,1
dunleavey,1
lizmathis1,1
hinson,1
ia,4
lourinhubbard,1
devin,1
nunes,1
lucaskuncemo,1
lukemixonla,2
kennedy,2
malcolmkenyatta,4
path,6
keeping,9
plausible,15
pretty,15
unlikely,5
simply,411
incumbents,4
pawi,1
either,12
ohfl,1
txfl,1
something,10
id,4
happening,4
johncranley,1
dewine,1
jonbaronformd,1
md,2
jonesforar,1
sarah,1
huckabee,1
sanders,3
ar,4
josephcrocha,1
darrell,1
issa,1
joshforarkansas,1
secretary,9
joshifornv2,1
amobei,1
jasonbollinger,1
james,1
langford,1
jasonbmartin,1
tn,2
jaworskifortx,1
ken,1
paxton,1
jbeachferrara,1
madison,1
cawthorn,1
jeffjacksonnc,1
jerrysdickinson,1
538,14
account,11
statespecific,5
polling,14
error,15
fundamentals,6
associated,12
cos188tychli,5
adjusting,5
move,12
slightly,14
toward,13
reps,12
cowjypflyt0t,5
docshelby2022,1
pat,51
fallon,1
tx,20
donaldvaldezco,1
lauren,2
boebert,2
douggansler,1
drbaumlinforpa,1
drglennhurst,1
chuck,3
grassley,1
drkermitjones,1
tom,6
mcclintock,1
collierfortexas,1
patrick,1
compton4ky2022,1
brett,1
guthrie,1
ky,8
congressmarsha,1
il,1
conorlambpa,1
danielforaz,1
danwhitcongress,1
boozman,1
darafaye,2
garcia,2
charliecrist,2
desantis,1
christysmithca,1
cindybanyaifl,1
byron,1
donalds,1
colinwilhelm22,1
spudhawg,1
youmountebank,1
dudelouvre,1
ldcdee,1
ergo,1
business,9
gypping,1
senateurbenoit,5
depite,7
pasab,1
men,11
remã¨t,1
anyen,7
fucking,2
comh30tuzo9m,1
yo,65
masteiano,1
hersey,1
surely,2
jag,1
â€œourâ€,1
corzxgrcmjwz,1
wisconsinnorth,1
coin,2
liberaldemida,1
booker4ky,2
refuses,2
ðÿ˜‚ðÿ˜‚,2
ðÿ¤£ðÿ˜‚ðÿ¤£ðÿ’¯,2
couj8jtujjaj,2
ðÿ”´john,1
massive,5
giselefetterman,8
fettermanpa,65
uspoli,1
unitedstates,1
pennstate,1
coyn9u94v7sp,1
tslowleigh,1
dougmastriano,15
simple,2
assualt,1
push,6
cause,9
bodily,1
harm,1
fbi,1
toned,1
instance,1
director,1
appointed,1
2017,4
bidens,2
danielcalhoun36,2
bwco,2
hell,78
nonprofit,1
served,2
wealthy,3
none,3
focus,3
att,1
ask,23
posobiec,12
backed,19
sean,12
parnell,12
dropped,25
wife,103
accused,13
abusing,12
children,15
kathy,17
barnette,19
jacks,12
backup,12
dave,15
mccormick,19
bannon,12
war,13
room,13
anyway,26
coemg0cf3gwl,12
anniewu22,1
keeps,1
murders,4
disaster,3
rest,4
represents,2
kimmiec,1
gosh,1
lurch,2
smh,1
crooked,1
pennsylvanian,19
coyf8azrhrs4,1
votebluetosaveourkids,1
votebluetoprotectourrights,1
corufzm8tpgr,1
paâ€™s,23
example,3
wef,1
tool,2
hates,1
woke,2
drooling,1
moron,2
shit,18
choose,1
surprised,2
stay,14
coenryblspmk,1
smallgovdude,1
normvalz,1
2020hindsight8,1
realistically,1
3rd,3
youd,2
therefore,2
jules31415,1
steal,7
highly,3
impossible,10
laws,13
doubtful,1
1rand,1
paul,6
raised,3
groomed,2
kentuckians,2
job,20
2011,1
piece,7
legislation,14
benefit,1
paulsnot4ky,1
randpaul,1
kentucky,2
daosorio,1
feels,2
place,4
mention,7
larry,3
dolanâ€™s,1
pac,5
coincidental,1
pacâ€™s,1
treasurer,2
prooz,1
cou2bqhyfihk,1
cox6p0mjtysh,2
bon,19
sitwayen,11
ayisyen,5
bezwen,8
senatã¨depite,5
prezidan,11
minis,11
oubyen,6
nenpot,10
pos,5
leta,10
l,28
itil,10
peyi,27
haã¯ti,5
ðÿ‡­ðÿ‡¹yon,5
toujou,7
konnen,10
osã¨vis,6
lâ€™ap,5
fã©,5
kominote,5
âœï¸âœï¸âœï¸,5
2008,11
presidential,10
lines,11
co7fecf3kluw,10
joegrizzly81,1
johnkingcnn,1
wore,1
lg,2
inauguration,1
wears,4
traditional,1
attire,1
votebluetoprotectyourrights,1
co6ofugfozie,1
seanhannity,25
former,11
security,20
threat,14
usa,8
scary,1
cod5uk0izrcj,1
eagles5211,1
marygayscanlon,2
apologize,3
colqmc24chsv,2
kellyk77,1
youcantbeatblue,2
huh,4
prisons,2
didnâ€™t,6
chased,5
jigger,1
shot,7
hiding,8
condition,1
sweatshirt,1
gym,1
absent,1
33,9
ðÿ™„,7
gains,3
ðÿ¤£ðÿ¤£,1
rub,2
lamp,2
prevent,3
china,4
air,2
replacing,2
ed,1
implicated,1
16,7
coup,2
bye,1
asshole,1
realize,5
scam,9
berkheimer,1
hate,2
ðÿš¨,7
hires,2
irs,2
auditors,1
gas,3
rubber,1
stamp,1
mine,1
strandjunker,2
bluewavelady,2
clueless,2
host,7
knowledge,2
fraudulently,2
peddling,2
cures,6
votejohnfettermanforpasenator,2
imjeffrussell1,2
50000,4
break,5
purchase,2
yet,16
1m,2
buying,12
whoâ€™s,3
kissing,2
dwightevanspa,8
streetforpa,5
paper,12
reports,9
hurting,2
co1kkyfaodko,1
repdarisha,1
kathygilmore,1
chase,4
unarmed,10
assault,1
weapon,1
shotgun,11
johnny,3
youâ€™ll,1
easier,1
targets,4
strengthen,9
raphael,6
catherine,11
cortez,15
masto,11
maggie,11
hassan,14
co2euchsod8n,4
drmbowen,1
guarantee,1
candidateâ€™s,44
super,2
machine,4
noticing,1
similar,6
stuff,6
mwen,33
kont,9
bagay,8
fasil,7
vann,7
biznis,14
genyen,7
depatman,7
sant,7
ki,45
entã¨rese,7
se,34
deklarasyon,7
antreprenã¨,7
rony,11
celestin,9
aprã¨,9
atake,13
jedi,7
pase,9
deklare,7
nã²t,8
vokalðÿ‘‡,7
cooq8tr9vytn,7
deadly,1
overdosecrisis,1
night,12
fentanyl,1
meth,1
drugs,5
addiction,1
stigma,1
attack,5
enemies,1
old,18
strategy,2
dishonestly,1
coiwgxklrbjk,1
agrees,2
â€œlgbtq,1
educationâ€,1
â€œmandatoryâ€,1
wsj,31
nytimes,1
phillyinquirer,10
frankenforiowa,1
senmarkkelly,1
senatorhassan,4
coanaitss93q,1
18889772250,1
coopvu9zi9mg,1
potential,2
mind,8
grahams,4
federal,4
dancing,1
avoid,1
clear,18
conltxmy1bol,1
cowbxc7mnepb,1
1st,3
codeo0gtbhg2,2
thinking,7
pointed,4
joggingâ€¦,4
cofagvsg7vsu,4
duty2warn,13
jackrayher,1
wearing,3
suits,1
immelza,4
steveforpasen,12
tsteph92,4
buckscokierstyn,4
renaitre8,4
carmosteph,4
suezeeque4,4
hmeemaw,4
unconquerable,4
sisterwriter,4
steveamp,4
follow,151
caring,6
principled,4
attention,15
nearest,5
favored,7
hassen,5
coddxadu7v9r,5
martinejmoise,1
sonje,1
nap,12
tann,1
konprann,1
neg,6
echwe,1
deja,1
sekirite,2
tande,3
bann,2
deyã¨,1
deplase,1
pyon,1
byensan,1
san,4
joverlain,1
nã²dwã¨s,1
mari,1
mouri,2
nã¨t,2
rã¨v,1
isit,1
jwenn,4
jistis,1
fok,2
opouvwa,1
pasdcc,4
condemn,4
mpinsleys,4
violence,7
towards,23
withdraw,4
candidacy,8
immediately,8
remarks,22
effectively,5
16th,4
co21wjraemvk,4
calves,2
larger,3
chasing,2
jacobbloom31,1
azpatriot22,1
day,43
isnâ€™t,15
influence,9
covqvr4pvxw6,9
benderscloud,1
dillonerd,1
bexlyn,1
specifically,3
copmfhebh95l,1
chart,2
iampinglacson,2
nasa,2
sir,1
ðÿ˜”halos,1
walang,1
bayag,1
senador,2
scrutinized,1
2023,4
budget,2
co69zkicgakj,1
2022â€™s,1
â€œget,1
text,5
bankâ€,1
53pickup,1
votingrights,2
yâ€™all,1
cox6fmisiyv8,1
itsmesuew,1
yrs,2
bringing,3
hed,50
charge,6
whove,1
30,2
jd,3
ohioinsufferable,1
stacey,2
abrams,15
loses,7
runoff,4
arizona,5
barely,2
beats,1
beto,3
abbott,1
texas,3
guys,9
nevada,17
breaking,9
endorses,3
cops5ivuicko,1
appreciate,1
youâ€™re,27
letter,25
editor,8
claim,14
supportive,8
defending,8
mandates,9
devastated,8
childrenâ€™s,8
academic,9
achievement,9
mental,11
wellbeing,8
co6ctmnifffi,8
action,2
ðÿ“º,2
always,26
assuming,5
control,31
upper,5
chamber,7
parties,16
indicating,2
slight,4
upperhand,2
copbrx0i94ai,2
deluxe,6
70,6
d10,6
92,4
87,4
d6,10
82,6
81,4
d0,4
55,18
54,6
d2,14
40,4
38,13
d4,6
29,5
d7,8
ut,6
d13,4
stephengrovesjr,1
bcandylandgirl,1
comfortable,2
filter,1
resources,2
stusandler,1
beholden,2
traitor,3
admit,3
lost,12
salesmen,1
wanna,3
dictator,4
moscow,1
putin,4
d0m1n8tor,3
trends,2
underestimate,1
dead,8
2020,30
missesdread,1
regret,1
stayed,1
knocked,1
doors,2
sane,1
flipped,4
npr,1
pulling,3
jogging,3
sheâ€™s,1
governorâ€¦,1
cowafeccodcc,1
pasd10,3
teacher,3
rebuild,3
protect,8
environment,7
obamaendorsed,3
cojlihzuytsh,3
cohx4cascyeh,3
second,2
class,6
conorsen,3
lxeagle17,3
ding3rs,3
seems,9
memory,1
mtwvoh,3
near,8
opportunities,3
wipaaznvmi,1
comp,1
posted,1
given,7
went,15
moviebuff1224,1
apmforeveryone,1
lot,11
invested,1
nah,1
bot,1
yep,3
thing,15
thoughts,4
energy,3
inflation,3
corruption,1
government,8
apparently,2
shows,12
cosz5zgmyqpd,3
coy1bgei5x2v,1
agree,5
feterman,1
worthless,3
goon,2
dog,2
beat,9
co0arxgqq9wy,1
smp,1
c00484642,1
cozjl4ouxity,1
1621336,1
98,2
9559066,1
ytd,3
oppose,4
s2pa00638senatepa00,1
waterfront,1
strategies,2
estimate,1
number,12
1632183,1
fec,3
dnc,13
pa00,2
lcv,1
fund,4
c00486845,1
coaum4foa9fa,1
11619,1
00,1
793052,1
41,4
karl,3
s6pa00274senatepa00,1
skdknickerbocker,1
production,2
1632174,1
fla,2
toomey,140
senates,36
allies,36
throw,40
2021,45
co1thaemr4ks,36
omg,2
kid,4
nobody,5
beliefs,5
aside,5
seconds,2
youve,4
cojuu7xs1l61,8
mnews25100551,1
couldntbepapap,1
izengabe,1
laughed,1
absolutely,9
donald,5
stuck,2
nose,2
general,14
maddowblog,2
introduce,1
town,6
loves,1
body,10
gave,4
handle,1
reality,8
trust,3
innovation,1
fruit,1
fat,1
loss,4
coevskfryiiv,1
ryandeto,1
byjohnlmicek,1
jbaernews,1
stephenjcaruso,1
marleyparish,1
penncapitalstar,1
pagop,8
heads,1
ozzies,1
frantically,1
trolling,13
lobby,1
interests,2
heart,25
guessing,1
covczxisna0v,1
cot0gqmr26hg,1
cofs6xemrey9,1
capacity,2
dude,3
pandering,1
comrmsdegmjn,4
clue,1
tencor7144,6
rn,2
stays,4
nut,1
fraud,18
allegheny,7
corrupt,3
coeds27xluxu,1
â€œbetter,4
ozâ€,11
overriding,4
sentiment,5
billy,4
penn,8
spoke,4
referring,6
rival,24
â€œvote,4
bumpsticker,4
cogli12pmq75,4
billypenn,5
freak,1
co5cnlnnuzvu,1
cosaogsztosb,1
canâ€™t,21
spare,1
small,5
donation,2
cov5jdcuwjom,1
laxalt,12
extremely,7
confident,1
basically,6
bevansse,1
trumptrainmaine,1
stephonkennedy,1
seeing,2
residence,4
eligible,1
play,4
ahmalcolm,1
edmorrissey,2
â€œthe,3
implication,1
dodging,1
cover,3
â€,26
campaignâ€™s,1
bet,3
placeholder,3
anonymous,1
staffers,1
letters,27
fought,32
covid,28
shutdowns,26
coryo38lxk0a,23
meant,5
venmo,3
considering,6
50k,5
cozn0tba1onx,3
rhainman,1
age,6
theyd,5
fakebluecollar,3
coetdctfw9oc,3
sorry,13
leadermcconnell,1
throws,1
met,4
vle,2
pm,1
claude,1
lanmã´,1
jovenel,1
moã¯se,1
antant,1
sena,2
jodia,1
tap,3
ye,3
kouraj,1
pran,4
desizyon,1
kap,4
le,2
nesesã¨,1
coti5hqsweps,2
bcross052422,1
cormrlahnyyq,3
tracyt77358764,2
bethmagaorbust,2
potus15,2
cobkh6ctc6kb,2
check,86
donbolducaz,2
blakemasterswa,2
tiffanysmileypa,2
magagops,2
scrubbed,2
betting,3
remember,21
theyve,4
ussenate,2
created,3
protectdemocracy,2
destroy,3
bluein22,3
copl76u2wy1w,2
closing,4
weâ€™ve,12
seated,2
heâ€™ll,5
thereâ€™s,8
pittsburghwestern,2
regional,2
identity,2
separate,1
eliminate,1
outofpocket,1
costs,5
certain,6
genetic,1
testing,3
supplemental,1
breast,1
cancer,3
screenings,1
committee,7
banking,1
cojtwjovax5t,1
clemency,7
crusade,7
emerged,9
battle,11
cases,9
emphasizing,7
nuance,7
mandatory,7
2nd,8
murder,15
coihnd4ry2fu,7
comuwipaw5fp,1
bctimes,3
grifts,2
dacrimmins,1
sponsored,1
teachers,5
guns,3
extreme,6
hardened,1
detention,1
centers,1
amounts,1
search,1
kevlar,1
backpacks,1
cozzfkiwbvmp,1
chaznuttycombe,1
burned,1
cycle,5
rpsagainsttrump,7
unmitigated,1
gall,1
accept,1
trumps,5
prop,2
millionaire,2
locations,1
mansions,3
magic,4
incest,5
co5maxf4pwwx,1
demingsfl,2
bengs,2
sd,3
frankeniowa,2
heats,2
weeks,7
cortjaru0fmz,1
filosophy424,1
tarikforpa,1
gdad1,1
sayingdidnâ€™t,1
clinton,4
york,13
2000,4
1999,2
clintonâ€™s,2
bought,13
chappaquiddick,1
young,2
california,2
reaffirms,4
commitment,4
rural,7
iup,4
corabuninxij,4
pittsburghpg,6
voteblue,9
prochoice,7
susan,8
wild,11
pa07,7
matt,7
christopher,7
deluzio,7
pa17,8
fiscal,8
responsibility,7
equality,7
wtpblue,144
wtp1530,7
coqhhthxojvz,7
cadburydude1,1
cringe,1
dystopian,1
nightmare,1
collect,1
salary,2
virtue,1
signaling,1
forever,128
subscribe,1
conspiracy,1
theories,1
strange,2
contested,24
phonedin,1
favor,3
course,11
cruditã©,2
taken,6
internet,3
11thhour,1
coypiojq0u9g,1
writing,7
remind,3
cobsa4wgm68j,1
property,5
interest,8
farms,2
goats,1
coa39ikhqq0o,1
codyi8cj9p7y,1
scoop,92
notable,90
cohost,90
fundraiser,92
sheryl,91
bartos,181
jeff,92
twotime,90
statewide,97
pointedly,90
cochair,90
co9hbe3pvmed,89
specialpuppy1,4
involve,2
51,5
rick,5
scotts,2
imo,6
quite,6
mattgrossmann,2
pa2018,1
wi2018,1
significant,2
exclusions,1
underestimated,1
casey,3
overestimated,1
baldwin,3
significantly,2
reduces,1
margin,17
excluded,1
nationalâ€¦,1
coa3cdwmwzfl,1
coqgfhjxlsph,1
breitbartpa,1
cocoz2q7zodz,1
disneydoc911,1
constant,1
standby,1
â€œlurch,1
da,1
hoodâ€,1
wordsmith,1
bs,3
swampy,1
garbage,3
hopefully,2
pass,8
aspyintheointm1,1
philahowierose,1
dashaburns,9
member,13
residency,3
income,9
contribution,1
â€œdr,2
representing,8
â€œend,2
nowâ€,2
opposes,3
rape,5
multimillionaire,2
pals,2
turkey,19
legit,2
inlaws,1
address,4
declare,1
homes,5
addressed,1
avenue,1
insane,4
raise,9
reckless,1
droz4senate,1
divide,2
fails,1
cozayotn6rnl,1
dwindling,1
emergency,3
responders,2
poses,10
ignored,11
continue,3
talented,1
volunteers,1
providing,1
co2fxmhbgdei,1
thegr8illusion,1
recovers,1
jerseyboy,1
trumploving,1
antiwomen,1
hit,7
bus,2
co5lkgotzdmb,1
bedford,2
butterscotch,2
bitterman,2
85,2
sads,2
steadily,2
finding,2
magaworld,2
rabbi,5
shmuley,5
boteach,7
skewered,2
positions,13
armenian,2
genocide,5
recep,3
tayyip,3
erdoäÿan,3
jimjordan,1
canidates,1
liars,1
stage,2
werent,1
invited,1
liefest,1
donlew87,2
coeulzlcbbac,1
pasrcc,1
combat,2
paâ€¦,3
saturday,5
swamp,3
schedule,3
tuesday,15
â€œ1030,2
1130,2
1230,2
630,2
hosted,4
group,15
cogkh0sulcoz,2
moving,18
cared,2
repub,1
typo,1
mcconnels,1
sent,5
couioqqfoxod,1
copgyglnalqw,1
unlike,2
transparent,5
plan,80
joins,7
champion,11
accountable,2
fix,1
broken,3
cog1lh5bptab,1
topoftheballot,11
conducted,11
muhlenberg,21
allentown,15
cozyia5z6o12,1
sandsunsurfpls,1
found,424
â€œtodayâ€,1
leads,14
meanwhile,2
sampling,1
com3iqie2olc,3
stateâ€™s,10
attorney,4
â€œsubstantialâ€,1
television,2
personality,56
pennsylvaniaâ€™s,7
watched,2
collegemorning,1
impacts,3
ways,3
parks,3
roads,3
wages,4
broadband,3
water,10
info,4
coplfduan04c,3
kingâ€™s,1
quote,1
â€œwhatever,1
affects,2
directly,3
indirectly,1
reflect,2
moral,2
vision,1
bricksbc,1
konseye,1
prezidans,1
premye,2
kraze,5
mouvman,2
mopod,1
knya,1
sou,5
yn,2
lã²t,4
fã²m,1
entã¨vyou,1
k,5
reponn,2
dwat,1
epi,4
mun,1
serye,1
pral,3
dakã²,2
wap,6
dil,1
boule,3
bank,1
voye,1
monte,1
blofã¨,2
fini,1
herschel,3
weve,3
gets,12
cast,3
recall,2
option,1
23,29
remove,1
coql2yeadzt9,1
conservative,6
commentator,1
georgewill,1
sees,3
danger,1
contribute,1
atty,1
colstd8abvyo,1
co7fvzwhfruo,1
chambersburg,1
perhaps,3
democrathoping,1
co84rhzdw8to,1
cornfp8fuin9,1
afternoon,3
east,4
deer,1
jeremyshafferpa,1
lori4pa,1
volunteer,79
corkutoq56oz,1
leadright,1
keystonetovictory,1
teamshaffer,1
co4vnmqdxj8r,1
progressive,7
turnout,14
project,5
postcard,2
postcardstovoters,3
colleagues,2
artist,6
amid,2
launch,6
cohm8arh3whe,1
votebluetosaveamerica,2
cogfdwhlils5,2
byronyork,3
ignore,4
facts,4
rag,2
cozbhzfyvgve,1
jenã¨s,1
libere,1
tro,1
difisil,1
anko,1
dpi,1
konbat,1
klas,2
politik,10
metel,2
oligachi,1
anou,1
dechouke,2
seri,1
ansyen,3
majistra,3
depitesenatã¨prezidanminispremye,1
direktã¨,2
jeneral,1
oligak,1
rezilta,2
pl,1
jounalis,1
angaje,2
billboard,3
alert,3
commute,3
idk,4
warm,4
welcome,3
awaits,3
betsy,3
ross,3
ðÿ¤—,3
cojrwxwvbdfs,3
krazner,2
destroyed,7
felony,3
horrible,5
valhan56,1
popular,1
outplaying,1
online,11
conwmairm8mq,1
rqpoliticalblog,1
wa,8
ignorance,1
iâ€™d,1
refusing,4
coh874lkz1vp,1
coody8tdfc1w,1
garysblues,1
commercials,1
save,4
cheat,3
cotw9rt4dof2,1
â¦johnfettermanâ©,6
coearx4osajj,1
vowed,2
case,12
disclose,3
act,7
secret,2
survey,9
co3ofvmwtghs,9
senrickscott,2
nrsc,3
fast,1
mismanagement,1
helped,3
ðÿ’°,1
jewishresister,1
rt,9
disruptcorrupt,2
10â€¦,1
coiv2pl4doai,1
ruminarist,1
cheldiokno,1
lukeespirituph,1
teddybaguilatjr,2
nga,6
nakakuha,1
15m,1
kanila,1
doubly,1
alliance,2
lang,14
laylayan,1
projections,28
sep,29
gained,16
3345,14
expected,29
gain,16
masters,21
ericmgarcia,1
originalbad,1
lots,7
additional,1
surprises,1
means,10
committeeâ€™s,2
â€œvirtual,3
stateswi,2
comw5nckjpvn,2
17,2
co9klhdvrgm7,2
senatepredictionmap2022,5
cohtfkzrfwjr,2
democraticvoters,1
independentvoters,1
womenvoters,1
middle,2
asparagus,1
salsa,1
ball,4
agenda,13
ðÿ—³ðÿœšðÿ—³ðÿœšðÿ—³ðÿœš,3
jojofromjerz,12
follows,3
favorite,4
love,3
ðÿœšðÿœšðÿœšðÿœšðÿœšðÿ‡ºðÿ‡¸ðÿ‡ºðÿ‡¸ðÿ‡ºðÿ‡¸ðÿ‡ºðÿ‡¸ðÿ‡ºðÿ‡¸ðÿ™ðÿ™ðÿ™ðÿ™ðÿ™ðÿ’™ðÿ’™ðÿ’™ðÿ’™ðÿ’™ðÿ’™ðÿ’™ðÿ’™ðÿ’™,1
ðÿ—³ï¸,11
cherie,19
coqxlu6j2png,11
newsnation,1
reversed,1
ahead,28
garet39,1
ryanch0905,1
meghanmccain,1
woman,1
knocking,1
mom,4
pregnant,3
happy,7
chose,1
deactivate,1
pollâ,2
coyxruh0s9ho,1
co2pimzgoyac,5
reacts,1
door,1
hits,1
rear,1
co6e1t5oq4tj,10
union,144
fight,25
pã€s,10
congrats,11
building,13
trades,10
campaignhe,10
demcastpa,10
coiepzjr91kp,10
texts,1
emails,2
begging,2
theyre,2
hands,4
deck,2
runs,8
juliaterruso,2
unforgivable,1
slip,1
conndiw9udkq,1
sultan4oz,6
cherylo517,6
cojxvnjjdjhq,6
dakotaâ€™s,1
co7wweo4yadj,1
multitasking,1
imply,1
hunter,2
bidenâ€™s,1
private,3
aquatic,1
somehow,1
pertinent,1
breathe,1
futile,1
trumpendorsed,1
corpse,1
jerseyâ€¦er,1
coxknzfzzxyb,1
sister,5
started,15
motherinlaw,5
rickshow,4
officially,2
hat,2
ring,4
coruffu2fho9,2
captaink42069,1
head,14
nm,3
bullish,1
nononsensefl,1
ajbenso,1
sending,2
floor,8
basketball,1
faith,1
clown,1
therickwilson,2
viciousness,1
antifetterman,1
lortothebo,2
lazy,3
irresponsible,2
kulang,1
daw,1
kasi,2
present,1
crop,1
mas,4
masaya,1
simonwdc,1
tough,17
doable,1
cartoon,1
devastate,1
hoping,4
brutal,5
sessions,1
parole,2
sb,9
paroled,1
coitfb49ivuo,1
direction,1
stars,1
step,4
sunday,2
codufj8ylcnl,2
nickfield90,1
smith,1
trounced,1
2012,2
eye,2
inflection,1
motions,1
co0u9f4rupxg,1
person,15
empirestatepol,1
tacura7,1
guess,2
moderate,8
rstheres,1
improve,1
itll,2
demwit,1
housesenate,1
unbelievable,1
havent,2
completed,2
whatsoever,2
sell,6
reduced,2
â€œelectiondenying,2
genocidedenying,2
caricature,2
â€œdisgraceâ€,2
â€œgrotesqueâ€,2
â€œfestival,2
fraudulence,2
covasa3eprss,2
dookusroyal,2
fluffytkr,2
prognewdealer,2
comrade4568,2
andor,3
statespoll,3
therealbfizzzle,1
gone,4
picked,8
goodolecharlie,1
ðÿ‘ðÿ»my,1
cozpgwyj993i,1
altforposting,1
pnwpragmatist,1
lineup,1
strongest,1
contender,1
weakest,1
embarrassing,1
specific,1
predict,1
mn,5
charlesgaba,3
justinsweitzer,13
kenjimallon,13
pcp,13
coul5teb2lyu,13
lingering,1
experiencing,1
however,2
cofap6pjlalh,1
cob04siygd3h,1
cokyycrhffjh,3
desperation,173
pathetic,4
coikkxqolzee,1
coi5xfwh6mwa,1
successful,4
canvass,1
caroltaylor4pa,1
visit,1
coi4airtbvc1,1
co3dt5aj9vxd,1
recovering,4
risk,8
iâ€™ll,5
stick,5
codpgkawedui,4
potus,3
urge,2
powers,1
thejusticedept,1
prosecute,1
raisi,1
justice,2
prosecuteraisinow,1
1988massacre,1
iranprotests2022,1
senateforeign,1
senategop,2
sfrcdems,1
cowlbi1b6f8i,1
v4dc2,1
important,25
older,2
civic,1
duty,1
insurrectionist,2
voteshapiro,1
ridiculous,10
normalizing,1
larp,1
harvard,4
worker,1
western,2
disguise,1
wear,1
pants,1
disgusting,2
co3hcxjvlzf6,1
ooenings,1
openings,1
trusts,4
cox6x5bpqenb,2
jennaellisesq,2
scheduled,1
oct,25
surprise,4
canceled,2
screwed,1
obrosteve,1
dcstatehood,1
reportedly,1
uphill,2
fights,1
drastically,1
harder,2
driven,2
lower,3
late,5
spring,2
favorites,3
newyorkpopulist,1
co5ohahlqe7e,1
cogzaxinp0oq,1
coiwwdgqyljg,1
ed81086027,1
jr8195,1
corjlxqcntoz,1
apiye,2
demach,2
youri,2
vize,2
trennen,2
devan,3
lajistis,3
edmonde,2
beauzile,2
difamasyon,2
enfã²me,2
odyans,3
lan,2
prezan,3
fã¨t,3
kouba,2
ni,7
manti,2
dwe,6
etik,2
heating,1
traction,2
slow,3
infusing,1
sooner,1
cow0nggy4ikf,1
cooeragqekme,1
cozfdm6omkqr,1
shuforcongress,1
mail,2
ballots,45
controlled,4
ago,3
fault,3
votedarkbrandon,2
little,7
turk,4
grow,2
renouncing,2
co32sv6liz6d,2
coxnimcyi6sl,2
co9ist71imvt,2
comwtmi2zzpq,2
colkyblfvjwe,2
con6rr5rqdyb,2
cosotmbhs7z1,2
coycxilbzett,2
cox6kmyhc5qy,2
covmj5ltbtbd,2
coglis1hd7ok,2
hifi,1
elite,1
camp,1
corxxwvdanoy,1
makelapennsylvania,1
copies,1
friday,6
attempt,1
world,7
hiden,2
cozioy2ul027,2
tf,1
nigga,1
valid,1
ðÿ˜­,1
purchasing,1
â€œonly,1
hunting,1
nbc,2
quickly,1
rule,6
hardships,1
alongside,125
cornqje1fznz,1
whose,12
1988,9
bankrolled,9
billionaires,9
sudden,11
ðÿ¤”,10
coywqlqn74v1,9
johns,7
improvements,7
finally,8
overcome,7
prefer,8
silent,1
six,3
dime,1
promote,5
satisfied,1
minority,11
role,2
govâ€™t,2
co6e1t5oqcir,22
repvaldemings,2
ðÿ’™,16
co7tmwuddirn,2
hypothetical,2
calltoactivism,3
conth7gplpmb,1
nrscrapid,2
cocbkwiylcvw,1
excellent,3
coruiuwgvlub,1
fortune,3
regular,1
criminal,6
entertainer,5
divine,5
co0pbbl9ynl1,1
lol,6
hollywood,2
chills,1
gucci,1
loafers,1
houses,3
ill,4
coboeb4fvfw3,1
ðÿ”˜nv,1
ðÿ”˜,2
midtermelections,1
midtermelections202,1
nvsen,1
wisen,1
co0yaxav93t0,1
demeier6,2
away,35
commented,1
dolt,1
chukwuvictorob1,1
deeoneayekooto,1
grand,1
ouk,1
fljovigirl84,1
docswers,1
bluedus74600612,3
squeeggeeartist,2
conqvujhbrqh,2
kanada,1
bay,6
milyon,5
ayiti,4
ayisien,2
santiman,3
dola,4
ta,11
sal,2
figi,2
lajan,6
epis,2
sispann,3
fã¨,12
cot6vgqbkmcb,1
ignorant,1
maradiofm,1
un,1
pnhofficiel,1
usambun,1
grabs,1
struggle,1
unsolicited,1
messages,2
â€¦,18
citing,1
quality,2
lie,2
pivot,1
standard,10
2big2,1
consvbfy1fwb,1
convicted,5
snakeoil,2
carpetbagger,3
businesses,6
enrich,2
drop,3
tomorrow,3
whatâ€™s,4
cohn1wglxdcp,4
goerie,5
ala,3
sã²t,1
mesye,1
kikote,1
somasyon,2
responsiv,1
delenkan,1
bag,2
column,3
coffd5limmjt,1
continued,2
gadata,2
progress,5
kelly1,2
muhlenburg,2
fetterman5,2
wallace,2
univ,2
ryan3,2
ia03,2
impact,2
atlarge,2
dittman,2
peltola15,2
fl02,2
binder,2
dunn6,2
couhhmbpqqvl,2
enews,1
inclu,1
ðÿ“°,1
gebhard,1
partners,1
nfl,1
football,2
players,1
financial,5
education,7
expands,1
staterelated,1
universities,5
highlights,1
ideas,174
lyme,1
disease,1
â¤µï¸,1
cokkt4jjegii,1
coxkudwpwmyv,1
datumx11,2
field,1
credibility,1
kelangan,1
iremind,1
inyo,1
yan,6
numbers,12
hatred,3
february,4
hasnâ€™t,5
â€™s,7
biggest,5
bluest,4
cobqcuj6g482,4
governortomwolf,1
braddocklibrary,1
lotâ€™s,1
cheap,3
coykhxej5nfg,3
crook,4
montgomery,3
farmers,1
outraged,1
unethical,2
relief,1
program,5
designed,1
coaekfu9kblz,1
forget,2
kept,8
shuttered,2
masked,2
standing,3
shoulder,4
wolf,10
reward,2
promotion,2
coonkd1wouvp,2
umichvoter,2
maps,1
drawn,1
competition,1
parity,1
13,2
districts,3
wed,1
wait,6
favorable,1
2026,1
candyman,2
â¦ronnyjacksontxâ©,2
claimed,2
morbidlyobese,2
picture,2
denonse,1
nã¨g,2
nwã¨,1
moyã¨n,1
fin,2
piye,1
kã²m,1
biznisman,1
depitesenatã¨minis,1
mande,1
konn,3
poukisa,4
anpil,2
ladan,1
bal,1
poul,2
fonksyone,1
nonl,1
site,1
michel,1
mã¨tdam,1
byen,6
cozmcumiynpd,1
furrend,5
â¦levifettermanâ©,5
dad,10
cuz,5
purrfer,5
honest,6
pplâ€¦,5
ðÿ‡¹ðÿ‡·ðÿ‡ºðÿ‡¸,5
xheart,5
ilu,5
â¦giselefettermanâ©,5
ðÿ“·,5
ig,5
â©,5
dooddogphotos,5
corxtxomojzd,5
logandobson,1
max,2
quackenstein,8
produce,8
returns,8
scams,8
ozzy,8
co1rtvrcdyi6,8
printing,7
todays,8
accountability,7
applies,8
cog8wccw8goy,7
awesome,2
weâ€™ll,3
100â€¦,1
coxgnos1rdye,1
waging,11
relentless,11
offensive,12
fired,12
cotir3rz1yhi,11
trafalgargroup,2
michelsforgov,1
tony4wi,1
leading,13
deep,7
youll,3
explaining,4
coachbenbens,1
ralphonse76,1
sel,1
sam,2
renmen,3
diw,2
koripsiyon,1
kisal,1
fe,1
menm,5
senblel,1
cut,4
allowance,4
fire,4
emerges,3
coobb8evodv4,1
stood,1
lockstep,1
megadonors,1
secretive,1
special,2
corrupting,1
force,1
politicsâ€”dark,1
jolefson50,1
quiet,1
urchilla01,1
shenisaac,1
ayuâ€”,1
sgf,1
tambuwal,1
dogs,2
cashtivist,1
mikano,1
boys,10
ssa,1
merited,1
ride,1
oga,1
dicks,1
fatty,1
loyalty,2
updated,2
estimates,2
natl,4
d12,3
r2,19
r7,2
r8,2
r10,2
r12,2
cob52jexi4cs,2
â€”az,3
â€”co,3
â€”fl,3
â€”ga,3
â€”nc,3
â€”nh,3
â€”nv,3
â€”oh,3
â€”pa,3
â€”wi,3
explained,3
co1owzelbcev,1
moise,1
jean,1
charlesse,1
problã¨m,2
nanse,1
toufe,1
nandesann,1
doladesann,1
pri,2
manjedesann,1
materyo,1
kontriksyonpa,1
moute,1
gaz,2
laremã¨t,1
transfã¨,1
dolamete,1
mache,1
nouvle,1
eleksyon,1
coxgypsuvmra,1
joanofarq,1
reggiered9,1
bidenswins,1
expandmajority,1
sunsetting,1
ss,2
medicaremedicaid,1
table,1
wary,1
sit,4
outdismiss,1
especially,10
coq90ehiohqv,1
socialist,3
damagecontrol,1
scrambling,1
ongoing,1
walks,1
apparent,2
free,20
seconddegree,1
murderer,20
cogphy0bg4yr,1
highlighting,1
forgot,1
months,7
wanted,4
notice,2
realclearpolitics,1
tho,2
rated,1
discredit,1
cocjreoieelf,1
prayer,2
higher,3
block,2
distractions,1
coffcqofrm7a,2
abcfoxoancnncbsnbcbbcmsnbcwhtmcnbctxcancapbswtnhctvbcetvochekbnngma3gbrausnzlnypaohgafl,1
co0smciqvol7,1
focusing,1
chambers,3
democraticallied,1
pours,1
legislative,20
co08k5weuih2,1
hire,1
illegal,4
aliens,2
coge5emvdlas,1
coivyfl8kfuz,1
covghdjvd7u9,1
co7fvkgmw7jn,1
co40wrnyzzps,1
corle68g0izu,1
e,5
onã¨t,1
plato,1
santral,1
bã²,3
kondane,2
atak,1
ponp,5
mica,4
plaza,3
restoran,2
pwopriyete,1
fonksyon,1
cã©lestin,1
zak,2
rete,2
enpini,1
ench,1
pap,7
detwi,1
sak,1
konstwi,1
konsa,5
opinions,1
apart,1
reversing,1
governed,1
coge5emvddlk,7
coivyfl8jhf1,7
covghdjvca4b,7
co7fvkgmvztp,7
co40wrnyzrzu,7
corle68fzlam,7
cog28ypkf96b,1
royquapaw,1
tweet,2
manchin,14
sinema,28
irrelevant,27
gotta,3
upsets,1
postcards,3
â·,1
mobilize,1
cowxplrqit6z,1
â€œwith,1
gubernatorial,55
cotyn2wdvzuh,1
claudiathehun,1
cofrshxymasn,2
dennymcphee,1
lindyli,1
poor,1
freeloaded,1
coti5hqteo40,3
advisor,1
road,1
verge,2
game,415
alot,3
members,7
6th,4
annual,11
teamed,3
fellow,5
central,5
eckerrep,3
wgregrothman,3
youse,4
centralpafb,3
coplmd4jpbih,3
coxbhzvesfme,1
recovery,8
front,8
center,9
hotly,8
cokjeo02kxgf,1
mikepompeo,1
pompeoâ€¦knowing,1
stake,6
attacking,9
coq3owqo5val,2
senschumer,2
weekend,2
cr,2
stump,2
queen,2
rania,1
alabdullah,1
jordan,5
abdullah,1
ii,5
coffcqofrtwi,1
coqkltwlc1ed,1
cof4hx8fffte,1
cof5aakehhkq,1
abcfoxoancnncbsnbcbbcmsnbcwhtmcnbctxcancapbswtnhctvbcetvochekbnngma3gbrausnzlnypa,2
cobaszwqzecb,1
sã¨l,1
edsupb,1
kite,3
manm,2
sdp,2
akize,1
latortueyouri,2
tou,3
kounya,2
rele,2
proteje,1
tonywirth,1
donkoclock,1
citizenkays,1
maizyjo,1
beentothedell,1
danhshowmedata,1
elmoizzy,1
fatherdavidandr,1
charlotte5904,1
jlcrn3,1
sunny28282,1
mzzrach,1
roray1010,1
michelemuse5,1
newtoblueresist,1
jbjinglebells,1
deanmamun,1
jimrdecker3rd,1
aliciawhite59,1
rachelbunny33,1
agreed,6
list,4
winner,4
coming,19
ðÿœš,2
cake,2
walk,126
kansas,1
ny19,1
palin,1
90,2
cocjnav4gkzd,1
assembly,2
ensure,5
criminals,5
146,2
markieâ€™s,2
strongly,8
bipartisan,7
419,2
cosu4hngctxs,2
appreciated,2
highlight,2
effort,6
establish,3
commission,4
economic,2
competitiveness,2
begin,3
learn,38
cokncfi3xmee,2
coachdan,1
pamarine412,1
appearance,1
kylaintheburgh,4
often,2
wonder,5
decided,5
stupid,4
suckers,1
volunteering,17
challenger,17
resonates,10
distant,10
addressing,10
mayors,10
conference,10
earlier,11
pasenate,24
teamfetterman,20
co7rdxnzztq9,10
presided,3
thirds,2
personally,4
ozzie,3
fixed,3
negativity,2
2shoutout,1
chiquiesteban,1
anngerhart,1
colbyitkowitz,1
waposean,1
madisonlynwalls,1
kainazamaria,1
carey,1
biron,1
contributions,1
edits,1
sneak,1
peek,1
dylanmoriarty,3
brilliant,4
illos,1
coctwdm1frx4,1
coiglwa0n8z6,1
kassydillon,1
foregone,3
conclusion,3
patient,1
leutrimrexhaj,1
therealcwb,1
michaelmalice,3
plus,6
conbxvf9oojo,1
koch,2
bankrolls,1
costtmkr06gf,1
guardian,1
uk,1
obscene,1
fossilfuels,1
darkmoney,1
climatecrisis,1
jan6th,1
deniers,1
superpacs,1
white,6
self,2
optics,1
suburbs,1
suburbanites,1
collar,9
background,2
resonate,1
trumpian,1
areas,3
perfect,7
combo,1
picks,3
reschenthalerscott,1
perry,1
shouldnt,1
required,2
date,1
almost,3
decade,1
trusted,3
cheated,1
pretending,1
divided,2
busy,1
clarify,5
whats,19
106,7
confusing,6
constitutional,7
amendments,5
pushed,6
hours,5
restrict,6
undefined,5
upend,5
checks,5
balances,5
expand,133
unaccountable,5
ðÿ§µ4,5
coafs0jiekhn,5
guypbenson,2
policy,5
bar,2
flazianvwimipaohnhco,2
starters,2
ending,3
medicaid,2
payments,2
nursing,2
dickdurbin,2
wonderful,3
softspoken,2
lowkey,2
whip,2
maneuver,1
testy,1
cotrns6w7d8o,1
manhattan,1
cogjmwmdpkjz,1
weekly,1
lib,1
droned,1
25th,1
amendment,9
45,21
cognitively,3
impaired,3
victim,2
recovered,1
fetts,1
craycray,1
b4,1
co8qm6sbeo3n,1
pattoomey,1
sucks,1
documentstealing,1
overthrow,1
wizardoflies,1
options,4
mlow29,1
mattyglesias,1
falling,1
necessarily,1
sepa,1
rivals,2
elex,1
cobdd8ginn1e,1
nhaznv,1
worries,1
narrowly,1
chaos,1
pami,1
assassinations,1
rising,5
scramble,1
wellstone,1
beyond,4
minnesota,1
shore,1
couple,5
supermajorities,1
conkebkb6szg,3
cormrlah6vwq,1
closer,16
grocerieswegner,8
comx22vinygo,8
gartonarthur,1
target,1
politicspa,1
abs,1
saw,3
conh6wal3qhk,4
cobarfuouaco,1
conh6wal3yxi,2
coxgcxs84l4v,1
cog3n6aeu7j9,1
animal,3
abuse,1
allegations,2
surrounding,1
co44dmpmctbv,1
deserve,9
raregaindie,1
thisâ€™ll,1
threatened,6
shoot,1
chest,1
410,1
followed,2
cofxrgkj0lub,1
billplains,1
changing,2
comment,4
educate,1
governing,1
jameslstahl,1
promises,1
hoagies,1
cheesesteaks,1
underrated,1
culinary,1
powerrankings,1
cokv5nwreilf,1
cosehroaakrp,3
bobcasey,3
cosponsor,3
lindsey,3
brings,4
changed,4
constituent,3
friends,78
eusebiofacundo,1
jvejercito,1
botejyuph,1
isa,3
babae,1
lahat,5
bahag,1
buntot,1
ðÿ˜,1
increasingly,1
fitness,3
cotdb9ijtmuz,1
registration,76
deadline,1
upcoming,2
cod4tr76lqfd,1
politician,14
trash,6
decides,5
answers,5
tattoo,415
blacked,5
etc,10
co2xrpugg2dr,8
decoding,2
memefilled,2
cotwumaqwhuq,2
demonstrates,1
colzubqiaw1h,1
dig,1
teenager,2
btw,3
knew,2
situation,1
cov2r5byvaia,1
pagov,15
teamjosh,1
lgbtq,1
coqlerlx0gpi,1
2adult2person,1
calebhowe,1
gritty,1
joelweingart,1
butâ€¦bailey,1
independents,1
funds,7
cojeotdma7mg,1
erjones,1
cokww019kxwu,1
covdbvy0p4bj,1
lifelong,3
weirdo,2
left,15
hole,1
minutes,3
goodfaith,1
arguments,1
inspire,1
rebecca,7
kurth,7
wrote,8
fourpage,7
obtained,7
press,8
62yearold,7
surgeonturnedtv,7
â€œexcellent,7
checkup,7
thursday,15
coregdigk9l2,1
co7l5thnrjn3,1
cotgoe6iqqju,1
cotffgay6lcf,1
cov1mekpi2ss,1
coh4c6bftpot,1
coiewbyiltkn,1
coqesye2qmkh,1
anonopsse,1
radselfrespect,1
dignity,4
ability,2
speak,4
momentum,2
bound,2
raissawriter,2
noynoyaquino,2
nung,7
pnoy,1
biffster01,1
timelywriter,1
cos1pxa7cowb,1
radiomagik9,1
dã²mi,1
je,1
panse,3
ranje,1
kabanntankou,1
menmpoukisa,1
oblije,1
minissenatã¨depitedirektã¨,1
azã¨kkazã¨ksan,1
konte,1
delege,1
yoeske,1
chak,1
konfã²tab,1
travay,1
kã²b,1
enterese,1
yomesyedam,1
peyiðÿ˜«ðÿ‡­ðÿ‡¹,1
explains,3
version,3
illegally,1
certifies,1
correct,1
co4lxf4em1jo,1
appolitics,1
connection,408
erdogans,1
gulen,2
flynn,1
extrajudicially,1
deliver,1
erdogan,2
b,5
ðÿ¥¸ðÿ˜¶â€ðÿœ«ï¸,1
install,1
facilitate,2
gulens,1
extradiction,1
cowhdwvvyxcb,1
cojkakkv98ss,1
coyjzx8h2x1l,1
icymi,7
pachamberâ€™s,7
chamberpac,7
northwest,2
copekqmqqgaf,2
conjrqguaqpc,2
mmpadellan,6
11th,1
filibuster,4
codbirto1lib,1
troycarline,1
brought,2
lolol,1
uses,2
legal,3
loopholes,1
code,1
liability,11
requiring,5
disclosure,1
gtgtgt,1
idiot,407
couy3cght5lh,1
domshow1210,1
skilled,1
high,1
profilegov,1
supâ­portâ­ive,1
parâ­ents,1
deâ­fendâ­ing,1
manâ­dates,1
devâ­asâ­tated,1
chilâ­drenâ€™s,1
acaâ­dâ­eâ­mic,1
menâ­tal,1
wellbeâ­ing,1
menâ­tion,1
cog3xkwujzao,1
failureman,1
colx6xuzugm9,1
delekan,1
hench,2
tã¨lman,2
enbesil,1
siryen,1
libanã¨,1
kenbe,1
sistã¨m,2
peze,1
sousea,1
gazolin,3
celestinan,1
yal,1
kote,2
coxzokggsba2,1
cokea4smkccx,1
cosaiznyhrg8,1
amer1canbarbie,1
wacko,1
pale,3
physical,1
ailments,1
9th,1
month,8
enemy,1
sums,3
co05kwfobprw,3
ran,6
hmm,2
complaining,1
arkansas,3
bit,3
eagles,2
fans,1
sayin,1
makepoliticsfun,1
consndslb1ra,1
interregnum,1
labor,7
reverse,1
stripes,1
revert,1
cowtu8l8mshp,1
prospect,1
nuclear,4
brightened,1
ðÿ”½,1
codgbotn1pts,1
cute,1
light,3
cov2j7bf0cq4,1
co8thjflkbpo,2
co8thjflkjew,1
test,1
recognize,1
facing,3
dithering,1
circles,2
jeffontheright,2
freaking,5
40s,4
donnyg215,1
qualified,5
dollars,8
donuts,1
de,2
grace,1
â€œcome,1
boss,2
co7eumuonz8f,1
groups,2
viral,3
coqtgajkrk8v,1
cojxizndu9aj,1
40th,8
environmental,10
rating,6
brodhead,6
watershed,6
association,6
27th,6
coc1z30wwgfp,6
â€œhappyâ€,14
hacked,18
garden,23
shears,18
cowi7olg87iz,1
pamelageller,9
â¦joshshapiropaâ©,2
cojodaswpla7,1
dhsgov,1
supported,6
ricard,1
pierre,1
finn,1
chã¨z,1
avã¨k,3
biro,1
apwã¨,1
planifikation,1
posib,2
comsviym6veo,1
jacobwalters39,2
thru,3
couldnâ€™t,6
weirder,6
co76zmof6zvq,6
co02qm9ohlkf,1
zimmermanv66,1
noticed,2
ðÿ˜€,1
covuke5raovs,1
pennsylvaniagov,1
coxpmbj0bcnt,1
unvaccinated,1
child,4
bid,2
worstcampaignever,2
endorse,6
cheese,1
hoodies,3
shortz,1
watching,2
cocv8iirxeby,1
cons,2
seem,1
behavior,2
qualifies,1
muhlenbergpoll,1
cog4oor88rlc,1
bigger,3
creepo,1
coguwbbfsm4y,1
pennsylvanias,21
stances,14
funding,17
cotvacqyq1uu,11
exception,4
comprehend,4
inhumane,4
monster,4
cor0gq7bcr23,1
alam,3
namali,1
dapat,2
sinunod,1
patayin,1
ako,1
charizz,1
bawi,1
pollwatch2020,1
dclongislander,2
checked,4
insert,1
awkward,1
pause,1
repeatedly,47
â€œweâ€™ll,47
cop2y6hk4mpq,1
cooe3e64cif5,1
wiz,1
stink,2
washingtonpost,1
coyjxr9fojfe,1
picking,5
deservedly,1
coywnhlmvmeu,1
cocuthflfk1q,1
couoec3kfntn,1
cothdaf41btq,1
cotbnxfm4q2z,1
hb1419,1
incarcerated,3
unanimously,13
click,3
link,6
cohw5q9aouhf,1
lt3,2
normal,2
laughing,1
stock,2
everytime,1
clip,1
bow,1
damage,2
leave,6
blank,1
services,3
everybody,2
celestinedkila,1
papagawan,2
uli,1
bagong,3
accommodate,1
mga,6
ginagawang,1
fort,1
bonifacio,1
steven,1
opine,1
haiti,1
pandan,2
setan,1
asasin,1
konplis,2
deriv,1
ya,1
jus,1
kounye,1
tet,1
myfarm2022,1
swerte,1
nila,1
pag,1
nakabalik,1
halos,1
ubusin,1
malala,1
ngayon,11
micro,1
tawag,1
kanilaðÿ¤£ðÿ¤£ðÿ¤£,1
anti,5
stopoz,3
corgad3lqdh2,3
copvuxvrdedr,2
stopped,15
ðÿ‡ºðÿ‡¸,5
ðÿ‡¹ðÿ‡·,3
rterdogan,3
pennsylvanians,4
cowoexosgmw8,3
couyogi9vgwv,13
muehlenberg,13
n420,13
moe,13
cnn,4
insults,1
intelligence,1
trumpiest,1
noses,1
shabby,1
journalism,1
hide,1
bias,1
cor3p81plt65,1
oryamaqbooljan,1
bagoda,3
mazhabi,1
youthia,1
transgender,1
sary,1
jamaton,1
par,1
tanqeed,1
karta,1
hai,2
magar,1
jis,1
n,4
credit,2
lia,1
speeches,1
kia,1
os,1
sath,1
mil,1
khomoshe,1
ko,5
ameerul,1
mominin,1
kahata,1
cokea4smlasv,2
instagram,3
midseptember,3
27000,2
period,2
courtesy,1
pasenatewatch,1
co4mpyxuty6j,1
pennslinger,1
transplant,3
alexbruesewitz,1
wambawoman1,1
troubling,2
easy,2
cok7jiguvpnx,1
killing,2
liz,1
cheney,1
akã²,5
kwit,2
moman,2
rann,2
piblik,2
okenn,3
chanje,3
problems,4
lilagracerose,3
endreconciliation,3
jam,3
9thmonth,3
nationally,3
midwife,3
mothers,3
â€œhealthâ€not,3
lifeis,3
sixyear,1
federman,1
2028,1
rashida,1
talib,1
meidastouch,11
official,7
comdb3ggk6up,4
scored,4
nurse,8
information,14
values,5
scorecard,4
co0ezfy8hp6e,4
loosing,2
add,4
weh,1
mema,1
resiboðÿ˜‚,1
ayusin,1
naten,1
noynoy,1
offered,2
enrile,2
adviser,1
fvr,1
decline,2
abnoy,1
timeðÿ˜‚wag,1
kameðÿ˜‚,1
propaganda,1
composition,15
display,15
reversion,15
ancestral,15
combined,15
codsw4kyez9m,15
heretorebuild,3
senjoniernst,1
michaelgwaltz,1
introduced,2
sanction,1
iran,3
plotting,2
assassinate,1
ðÿ‘‡,3
co7r1rvf0h2f,1
increases,3
pressure,1
iaeaorg,1
investigation,2
undisclosed,1
iranian,1
activities,2
rafaelmgrossi,1
remain,1
steadfast,1
commitments,2
wrongdoing,1
intl,1
cotit93anqnh,1
retain,4
remaining,1
ups,63
pull,4
therell,1
34,4
bdquinn,1
shocker,1
operasyon,1
mennen,1
zã²n,1
wode,1
rive,3
idantifye,1
vit,1
malafe,1
mwte,1
dife,2
nasyonal,1
sove,1
pati,3
entã¨vansyon,1
fã²s,2
lã²d,1
raple,1
sã©natã¨,1
cos71jjdoyz7,1
inquirerdotnet,1
aba,1
magkakaroon,1
matinee,1
clowns,1
ðÿ¤¡sayang,1
pera,3
clownsðÿ˜,1
papscaloy,1
sinuhulan,1
ðÿ˜‚ðÿ¤£ðÿ˜…,2
syempre,1
baka,1
backer,1
tignan,1
natin,2
lusot,1
supreme,3
court,3
whenweallvote,1
usps,1
thomasewoods,1
michael,3
tight,7
shaprio,2
cowsvcadsuf4,1
senateâ€¦,11
grandma,11
died,13
blood,16
clot,11
intestines,11
meds,22
â€¦because,11
blame,14
surabees,1
cernovich,1
flesh,1
gollum,1
conjured,1
semiintelligent,1
mutant,1
dungeon,1
guardians,1
everywhere,1
bennett,2
budd,10
murray,1
projectlincoln,11
robgerundo,1
albright,1
softie,1
athleticism,1
passion,1
desire,7
surfacing,1
sorts,1
cultural,1
memories,1
learned,1
crudite,2
later,1
yinz,2
wtf,1
nasyonzini,1
dominiken,1
lagã¨,1
pi,3
grav,1
tranbleman,1
tã¨,1
janvye,1
plis,2
ã¨d,1
tan,1
apre,2
lapolis,2
prizon,1
kabarã¨,1
bandi,1
bout,1
teren,1
kã¨k,2
welfare,2
sham,1
welfarists,1
organizations,2
exploit,1
animals,1
cou8w1xx8lfw,1
glad,3
stepped,2
shine,1
truth,2
actions,4
cot0eqxowxaf,1
cogd9rshqreq,1
coaaib24du4i,1
twenty,2
coalic8iltrz,2
ngi,1
daghan,2
mangurakot,1
gani,2
moy,1
nahimo,1
diras,1
sige,1
unya,1
dugangan,1
naglisod,1
tas,2
pamaliton,1
magdugang,1
mog,1
sweldohanan,1
tao,1
cosi8wgkskof,1
jeopardy,2
slogan,2
enjoy,2
contact,2
democratwit,2
cogkb8mgt2af,2
magajacobrobbin,1
projection,2
ericlisann,1
kylegriffin1,1
promise,1
limits,2
terms,2
incompetence,1
covid19,1
cost,2
000,1
â€œtoadyâ€,1
countryâ€™s,1
detrimental,1
donwinslow,1
co6a5ejd282y,1
password,1
protected,1
crist,12
wilson,1
mastro,1
extend,1
cokhzzwohzjb,1
marcia65ml,1
resides,1
qualify,1
co9pc3ckvuxn,1
beshearstan,2
moment,2
witnessing,1
pennsylvaniagop,1
literally,4
create,4
storyline,1
places,2
mattkercher,1
hanging,1
dry,1
lifetime,2
odd,2
conor,2
lamb,2
bel,1
prochen,1
konstitisyon,1
genyensi,1
nonm,1
depitepremye,1
jeneralsi,1
kaysi,1
fanmi,1
viv,2
ayitiretire,1
pil,1
privilã¨j,1
ti,1
gagã²t,1
fã²k,1
metriz,1
piti,1
coylktkupnln,1
2019,8
denied,1
tracking,3
kit,3
860,1
cowe3rx83bms,1
realphillyp,1
sarcasticcupcak,1
junior63031591,1
generic,1
prob,1
co4ej84znz9w,1
democraticwins,1
1994,1
jumps,1
contest,1
trailing,1
arrived,1
monday,1
warnings,1
slash,1
remains,6
americareports,4
co6imxjupodu,4
violate,1
hippocratic,1
oath,1
selfown,1
entitled,1
ps,1
coehof3p527c,1
george,3
accuses,2
synthetic,2
authenticity,4
2006,2
predicted,3
eloquence,2
authentic,2
com32dbo4zc5,2
evening,8
frank,8
agovino,8
finished,8
ice,8
cream,8
newtown,8
sqaure,8
delco,8
galluchforcongress,8
cocxwfswvgtj,8
appeared,3
incoherent,6
fiveminute,3
indiana,27
previous,3
mishaps,3
confused,3
saidsend,3
sadly,3
cobnpdkw5nc7,3
tedcruz,3
67,7
propped,1
wolfs,1
lockdowns,1
46,1
mollioandretti,1
rrhelections,4
delegation,3
ted,3
buddsized,1
favourites,1
similarly,1
inoffensive,1
magalight,1
accidentally,1
realized,1
interviewing,1
ancient,1
diner,1
ðÿ¤¦â€â™€ï¸,1
experienced,1
sitting,1
nbcnews,1
mrwaltershapiro,1
kkondik,2
blew,2
traveled,1
counties,2
â¦mericaâ©,1
simon,1
coknxbrm4rtr,1
ncpa,1
vote2022,1
coreyuw9ttnj,1
covered,19
forearm,1
hurt,2
cols5njawf4p,1
pyramid,1
schemes,1
multilevel,1
marketing,1
silly,1
rake,1
keynote,1
coine4id5xg7,1
jacobrubashkin,1
sandrac29529944,1
letting,2
leftists,2
corzv9zt4qgc,1
defends,8
arrangement,8
cofmvmslfxog,8
trees,1
climate,5
price,1
crudities,1
examples,1
nowadays,1
coscfnqdo3ry,1
colclmtmuwnx,1
charlatans,1
fraudsters,1
washed,1
daytime,4
etcalifornian,3
squeezed,4
prices,5
spike,4
overseas,5
madeinamerica,4
fetterwomen,4
co9xsr1fwb4c,4
scraping,1
barrel,2
stoop,1
squad,1
rkenesky,1
cruz,1
rand,1
committees,1
industries,1
natural,1
steel,1
cracker,2
plant,1
sad,3
hear,3
hb,3
140,3
legalized,1
parkingprotected,1
bike,2
lanes,2
added,1
language,2
unworkable,1
codnr54bke5k,1
evidence,3
viable,2
vowing,1
side,1
rather,5
heyjoshday,1
dougie,1
pasenategop,2
fair,3
argument,2
therecounts,3
stevemorris,3
partys,3
cobm7itgrl6c,3
till,4
dumps,1
luv,1
codyjenrbjup,1
amazing,6
memelords,1
coei79o1dhzh,1
bretbaier,11
compare,2
servant,2
bogus,4
bilking,2
coe7zswuiqbs,2
cody4hwn1qci,5
michaelpeabod11,1
dataprogress,1
averages,1
ga06,1
cofibfnlvval,1
pa18,1
cofoqyeeot4x,1
nc09,1
corlrfanuzs4,1
moore,1
v,1
jones,4
comchvx52ok3,1
wheeloffortune,1
sajak,1
retires,1
votefetterman,2
co0dykngczm8,1
possibility,1
ganv,4
weaker,1
filaner05,2
chel,2
diokno,2
parallel,2
universe,2
kayo,2
lawd,2
patawad,2
jusko,2
mamamatay,2
tayong,2
marcos,2
ayaw,3
magsorry,2
buti,2
kathang,2
isip,2
andaming,2
ebidensya,2
norcal823,1
bluetsunami2022,1
coeriisltplf,1
moffa,2
womanâ€™s,2
decisions,2
interference,2
magarepublicans,2
co3nokdwj8jp,2
theintellnews,2
ruby,10
68,14
drew,14
university,10
pack,10
bags,10
coba25ud92pu,10
stovbj,1
participate,6
cohzptl77dhb,1
confidence,2
growing,2
third,5
row,1
coifh5bpyvqq,1
cooeqmme53se,1
cof1cgijuvcm,1
findable,1
covdmzu0k1yj,1
coqjpptgilwh,1
maryltrump,4
rcp,3
chrismurphyct,4
commits,2
closely,2
publicly,1
questioned,2
opponentâ€™s,2
explanation,1
rejecting,1
invitations,1
cop2am2ixmjq,1
occupydemocrats,13
clarifying,2
goimg,1
financially,4
hundred,1
worked,6
practically,1
moroskostas,1
redeaglepatriot,2
governorship,1
cofuxup53qjd,1
bitching,1
clintons,1
purchased,1
chappaqua,1
ties,1
js,1
51d49r,1
cota6k3bqyrr,1
coxp3wmn4zty,1
colquimshjnc,2
offers,2
loganr2wh,7
dropping,1
tightening,1
surprising,5
baer,4
coezpvfjfgro,1
coxhroev75u3,1
nathaliejacoby1,6
nailed,1
showed,1
substantial,1
reverend,2
honestsportz,1
markje163,1
scottâ€™s,1
sunset,1
medicareâ€”,1
programs,1
fresh,1
coqqkhugry5u,1
cold3pimugo4,1
durhamfella,1
rate,1
puppy,1
confirmed,1
nyt,1
abandoning,1
raylaforma,1
billgalvin4ma,1
kelleratlarge,1
jimbraude,1
sick,5
screwball,1
hypocrites,1
riots,1
antifa,1
burning,1
cities,2
copuflm1wgy4,1
laxaltstan,1
conservadems,1
delusionaldem8,1
co4o5fyxloue,1
giant,1
neck,5
mf,1
fettermanâ€”,1
vegetableâ€”is,1
immigrant,1
surgeon,13
madefortelevision,1
totally,1
schumer,2
math,2
btch,2
manage,2
coxh3grcxuym,2
ppl,6
representative,2
coh3ywlhdjgi,1
couwuseyntbl,1
coqvyjvcdtpk,1
mkraju,1
likes,1
fate,3
ðÿ”¥ðÿ¤¬voteblueforsomanyreasons,1
evan,1
covtox8dvz4x,1
colxo32edvgm,1
donaldjtrumpjr,3
dear,1
azzhole,1
ozhole,1
lawyers,1
tfg,1
tick,2
siblings,1
jail,4
coa1opsan29u,1
contentious,7
determine,7
cocnuzrv8sbk,1
wjactv,2
ðÿðÿ‚,2
silo,2
accident,2
professor,2
charges,2
ðÿ“±,2
coqgenk7zwj1,2
co1zatzbkuvk,2
2013,1
hooded,1
jogger,1
gunpoint,2
heard,10
shots,2
areaâ€¦thoughts,1
todd,1
4th,1
businessowners,1
votered,2
coie4chgnnvz,1
poster,6
tourism,5
co9umqw281bb,5
coddoiv54yf9,2
logical,1
apply,2
summer,4
co5t2e1trfvu,2
coyxlsulnzpp,2
occasions,1
forgo,1
clearance,2
opposed,5
qpollsandnews,2
baris,1
edge,3
deal,9
defections,1
murkowski,1
romney,1
reminder,12
3pm,12
qampa,13
short,14
breakdown,12
co2qwadjnbte,12
coz1gmtlwoyh,12
morgansher,1
bolekaja1001,1
jdvance1,1
eg,1
pancflmi,1
ion,1
pulled,10
blake,3
deb,1
labels,2
meh,3
desirable,1
weight,1
treat,3
tossupsthey,1
weary,1
swingstate,1
coahabw1sl8h,1
afford,5
carpet,1
bagger,1
faked,1
immense,2
disappointment,2
amended,2
statement,7
bikepgh,2
co0wf2vatleg,2
putting,9
fundraising,2
x,1
co3z0oivobi2,1
coz3qig4mkc4,1
enormous,8
exciting,8
co4i66r74asx,8
cook,1
quant,1
models,1
def,2
lock,2
prettyuncorrelated,1
tossups,6
independent,1
7525,1
coid0xsubj6g,1
cotchgs3zrmf,4
aznh,4
comvd3cugg2c,4
basic,19
andâ,1
coqnmgc2qkpt,1
districtai,1
wow,409
lindseygrahamsc,2
marthamaccallum,1
79,3
retention,1
feeding,1
flames,1
waited,1
floundering,3
performance,2
questioning,4
whether,4
cokpvuukxycy,2
hardcore,2
genuinely,1
unique,6
expertise,1
valuable,1
delusional,1
coyytjl5fqgt,1
level,6
intense,5
engagement,5
discussion,5
fundamental,5
frankly,5
effective,8
ought,6
kdka,7
couxhltuqqgu,5
cocxrk89tep6,4
coxqzj6rfned,4
ðÿ™œ,1
ðÿ—³john,1
ðÿ—³josh,1
âž¡ï¸pay,1
curtain,1
womenbanning,1
republicanâ¬…ï¸,1
ðÿ—³voteblue,1
8th,6
dems4usa,26
freshresists,128
coudwopzfdlz,1
govt45701,2
fuss,2
reelection,2
convinces,1
fâ€™d,1
starting,2
gopled,1
subversion,1
contesting,1
lawful,1
certify,1
harmful,3
cosuqelwvqu4,1
victori95041098,1
tells,1
noozhere,1
idiots,2
overestimates,1
launched,3
fishy,1
donated,2
rise,2
brainer,1
tweetaddictus,1
crap,1
joesquawk,1
joe,7
invite,1
lakeniaem,1
colymygftub8,1
altochulo,1
makeroadactpa,1
maketheroadact,2
colvppbeca10,1
coqsk6qyqcl4,1
notion,1
tied,1
wiâ€¦,1
ohâ€¦,1
cockvgzogccy,1
cor1ound9mgl,1
senatorbrowne,2
â€˜s,2
modernizing,2
understanding,3
â€¼ï¸,2
ð—•ð—¥ð—˜ð—”ð—žð—œð—¡ð—š,1
pahouse,1
chaired,1
repjimcox,1
advanced,1
sb319,1
compensation,1
remedy,1
activist,1
pahousegop,1
â„¹ï¸,1
codyrc5iqijg,1
âƒ£,1
co2hpnxc40ww,1
taxpayer,7
tyrant,3
vladimir,3
companies,4
connections,8
russian,4
receiving,4
approved,4
472,3
cohow20wnbht,3
caps,1
insidermorning,1
consult,1
representatives,6
four,1
respondents,1
cof6wxdmba2m,1
coyctpd21lm0,1
konsã¨y,2
12milyon,1
depi,1
kilã¨,1
resansman,1
cociabl3xxn4,1
kansã¨,1
twit,1
mete,2
manda,1
paka,2
koze,1
papa,2
represented,2
ðÿœšðÿ—³ï¸ðÿ‡ºðÿ‡¸ðÿž¯,1
ðÿœšcandidates,1
co55ma4ac7sh,1
fox,3
bryanllenas,1
ðÿ¡,3
wantâ€™em,3
gotâ€™em,3
request,3
yard,3
signs,3
melissaforpa,3
houlahanforpa,3
co24hxkhksto,3
rtginnj,1
gingerly636,1
ðÿ¤£,1
outside,5
retirement,1
otherwise,1
octogenarian,1
refuse,23
kiss,1
coicbgdkp3ld,1
michigan,3
resolution,2
condemning,1
gender,1
theory,1
training,1
teaches,1
sexual,1
transitions,1
suicidal,1
cof35yyzhuaq,1
topic,2
heartbeat,1
bronx,1
cowezwhalnm6,1
daminick124,1
belive,1
nate,1
silver,1
becoming,6
socalists,1
extremists,2
patrickruffini,1
amazingly,1
primaries,4
vigorously,1
stacy,12
gretchen,1
whitmer,1
assured,1
nomination,2
concerns,3
outraising,1
tightened,1
coux27gmixea,1
conmafjg94pbs,3
accomplished,3
lifeampoz,3
influencedampsaved,3
knowing,11
fullwell,10
competent,20
communicationdebate,10
sometimes,10
ampor,10
communist,12
copeidigixm9,10
repubs,12
fallen,13
tier,12
wnh,12
joining,12
waco,12
takeaway,12
wpa,12
ohnc,12
incredible,12
reversal,12
wso,12
eco,12
discontent,12
cooov0b7u1f1,12
willmeyerpa,1
defeat,3
mehemt,1
proclaiming,9
â€œa,9
major,12
healthâ€,9
codvwa8ecjwh,9
posts,1
enlisting,1
rightwing,1
outspending,1
airwaves,1
woohoo,1
properties,2
owns,4
ethics,1
investigate,1
eight,2
worth,1
100000,2
coxl6utmruey,1
compromised,2
legalize,3
heroin,2
wontcant,1
somethingðÿ¤£,1
coimsq9jkqqg,2
handed,2
mic,2
corvayqjvcot,1
worry,1
yost,1
encouraging,1
undecided,7
contributed,1
doubledigit,1
coeo02odfqdc,1
quinnwarroom247,1
jim,5
subscriber,1
dm,1
regarding,4
footage,1
morethanmysle,7
ðÿ’™ðÿ’™ðÿ’™ðÿ’™ðÿ’™ðÿ’™ðÿ’™ðÿ’™,3
69,3
posting,6
sharing,7
advertising,9
copw8qhzfwv8,6
drunken,1
sailors,1
imploded,1
debt,2
deficit,1
decimated,1
installment,1
hopeful,6
poverty,2
tourist,1
stages,1
photo,2
ops,1
drugravaged,1
neighborhood,2
coss6hwfjy3v,1
co4zy2atdqzg,1
belong,2
ðÿÿ¦,74
â€˜22,74
amplify,74
thedemocrats,77
ðÿ‘†ðÿ½ampðÿ‘‡ðÿ½,74
ðÿ—³,77
multiplier,74
ðÿ’ªðÿ½,74
coytosv8nrk5,3
cor211r20dsj,1
takeover,1
co86kyybni9v,1
pls,1
amt,1
ðÿ™ðÿ¼ðÿ’™ðÿ‡ºðÿ‡¸,1
kimguilfoyle,2
sweetheart,1
45asskisser,1
coyy5i0sfepz,1
rcpã€polling,2
dataã°ã£ã‹ã§predictionè¦‹ã¦ãªã‹ã£ãÿã‚“ã,2
ã‘ã©å…±å’œå…šãœgaã¨nvä¸¡æ–¹ã²ã£ãã‚šè¿”ã—ã¦paã‚’å®ˆã‚‹å¤§å‹åˆ©ã¨ã„ã†äºˆæ¸¬ã«ãªã£ã¦ã‚‹ã‚“ã‚„ãª,2
cofw7qveajet,2
â€œmy,5
choiceâ€,5
redwave2022,1
cob80hyykfgg,1
principal,1
kling,1
father,1
nw,1
sweet,1
senatorlaughlin,6
690,6
repchrisquinn,6
1369,6
allow,9
paindependents,6
limit,6
extremism,6
gridlock,6
bipartisansolutions,6
ballotpa,6
lwvpa,6
openprimaryusa,6
riseveterans,6
commoncausepa,6
phillysetgo,6
operationvpi,6
coo3wezhzvlr,6
jerseycy11,1
co34exlttqut,4
æœ€è¿‘ã®ãšæ°—ã«å…¥ã‚šã€‚,1
ãƒšãƒ³ã‚·ãƒ«ãƒ™ãƒ‹ã‚¢å·žä¸šé™¢è­°å“¡å€™è£œã‚¸ãƒ§ãƒ³ãƒ»ãƒ•ã‚§ãƒƒã‚¿ãƒ¼ãƒžãƒ³ã€‚,1
coiwoa7tsfww,1
kawhistan220,1
idejder,1
oregonmapguy,1
lmfaooooooo,1
repsherrill,2
congressional,6
nj11,2
debating,3
degroot,2
cowde3o4sapg,2
cozlzcyol66h,1
coca7agjqjxc,1
petermtowey,1
longtime,1
operative,3
oped,7
yearâ€™s,1
pivotal,1
â€”gt,1
coddoawujrjl,1
winwithjmc,1
peters,1
lucky,3
climbs,1
tester,1
brown,1
equal,1
newtgingrich,24
worthy,1
scranton,1
â€œvery,1
wellâ€,1
raves,1
phenomenal,2
coq3ubq83gq3,1
billscher,1
meaningful,1
completely,3
scenario,2
cancel,1
noise,1
lesser,1
extent,1
collbxfich65,1
kinalampag,1
joel,1
villanueva,1
administrasyon,1
maresolba,1
matagal,1
problema,1
gobyerno,2
saan,1
ay,7
marami,2
posisyon,1
napupunan,1
hanggang,1
colcbyx1jxvu,1
geller,4
co7byybkdgkv,1
47,3
articles,3
blaming,2
octoberâ€™,2
defendrepublicans,1
gapawi,1
access,6
clean,4
potusâ€™s,2
infrastructure,5
drinking,2
upgrade,2
efficient,2
resilient,2
cocresg8tzkg,2
elections2022,3
co0a9ss9zypm,3
wanting,1
coovnkv0u6ue,1
installyloved,1
youaretraffic,1
jcschmieder,1
vaushv,1
repbrianfitz,3
drafts,3
constituents,3
pa01,6
statements,3
corozvexr4rj,3
longdriveway44,1
samples,1
wack,1
housegop,1
uo,1
coirvxyccbky,1
personnel,1
rocked,1
bl,1
exclusive,1
ðÿ”¥âš¡ï¸,1
cotnipmqnknk,1
located,1
racesgovernorsenate,1
225,4
authorization,2
reduce,2
barriers,2
porter,2
medicine,2
immediate,2
passage,2
coc3dgfobwwy,2
natesilver538s,1
model,1
19,2
paralleling,1
shown,3
positive,1
outlier,2
subtlyâ€”but,1
cruciallyâ€”nv,1
coi2ffldpl8j,1
coxzv1mbuvg2,3
austindavispa,8
cop8nryepntg,3
aksyon,1
aaa,1
kreye,1
imaj,1
estati,1
nasyon,2
pretã¨ks,1
senateurmoise,1
soti,1
otomatikman,1
co6ijg68tjb6,1
foxtrotpapac32,1
miketzu,1
mattwalshblog,1
judge,3
modern,1
tying,1
everettstern1,1
flynns,1
profit,1
lawsuits,1
agreeing,2
indited,1
thief,2
along,1
alleged,1
gather,2
capitolallstars,2
charity,2
softball,2
raises,2
feedingpa,2
honor,3
conrnkja4v9m,2
co2enuxprao4,2
cokvnmx5aeg8,1
covn0wojkoiy,1
conyqxah9tbv,1
cof6ci79b9lh,3
per,2
turnover,1
latter,1
tilts,1
sc,2
ðÿ‘‡ðÿ»ðÿ‘‡ðÿ»ðÿ‘‡ðÿ»ðÿ‘‡ðÿ»ðÿ‘‡ðÿ»ðÿ‘‡ðÿ»ðÿ‘‡ðÿ»ðÿ‘‡ðÿ»,14
coffoa2axwtt,2
incompetent,2
halls,1
jeans,2
votedroz,1
comrhpfnfio9,1
cox5bfxuipl8,1
coznmsc6pxw6,1
colf0yyurnn1,4
coxcpt40qzgt,1
con7g9efufxh,1
coal,1
mega,1
cose2ftysost,1
cootgxsgfctp,1
coalhqd7gktd,1
couh4savtkry,1
cor9sf5gg1n8,1
co0oa9fyfytf,3
cohrndoy3mdp,2
co4ele7n2gjm,1
couru9ty5wpy,1
coqy0rko3bwq,1
cop9hqyfny3s,1
cowmlsxjujgf,1
cotovc7qlft4,1
cokod7hq2351,1
cotpsaca37td,3
coibokomhjiy,2
â€œdemocratic,1
organized,2
cogm5gbvwgbd,1
coa43toypept,1
cogousq1rsef,1
tanking,1
experience,1
substance,1
looney,1
tunes,1
co26bsakiovh,1
coqmxrkqrnk3,1
cox9tfvolats,1
bothers,2
together,4
sentences,2
ðÿ‘€,2
coydqaebk4d2,3
hugely,2
outpaces,2
copjiggsdfvs,2
cowaiqb1dww1,2
waste,4
tragedy,3
jewish,3
covbczniglow,4
colbocpwm9cc,2
cow91yro1xil,2
cobh3cvhp2hg,2
co7nqi9oukid,1
coblqjduwue9,1
nickyscatz,6
jackposobiec,5
cocs4a11vk1b,1
consri1hzldt,1
comillxcgmab,1
cou9w1izxgz4,1
co3nc52ezwtk,3
aznv,3
connngdtl4dt,3
vaxxedandvexxed,1
coastyad,1
annoying,1
tiltlean,2
likey,1
likelysafe,1
blood4g,1
dailyneb,1
coaoo8uyoh6k,1
co0acvpvwx8c,1
charot,6
kang,6
enabler,6
tatay,6
nyan,6
correct2,6
dyan,6
ikaw,6
duterte,6
natulog,6
pansitan,6
psst,6
wag,6
sumawsaw,6
timeâ€™s,6
tsupi,6
cophw2mx3h3n,6
straighten,1
fly,1
thatd,1
greatly,1
astonish,1
ryanchandler98,1
whitehouse,1
civics,1
lesson,1
â€œnoâ€,1
meansâ€¦,1
itâ€¦,2
thx,1
cotyk9apqby0,1
pezidan,1
chanm,1
josephlambertht,1
anonse,1
fã²masyon,1
wo,1
tranzisyon,2
48ã¨,1
gouvã¨nman,1
selon,1
adrese,1
jodi,2
dire,1
mwa,1
putthatinyourpipe,1
glennbeck,1
jessekellydc,1
stevedeaceshow,1
scrowder,1
saragonzalestx,1
cowbiiywahdk,1
starts,2
arc,1
meet,1
series,3
prerecorded,1
qampas,2
impacting,1
idd,1
colbdhwlwpmf,1
beloved,1
â€œhe,6
producer,4
copncziojotn,4
consider,51
electing,2
embarrassingly,1
dresses,1
correctly,1
unclefesterman,1
windyphele,2
vwayou,1
sã¨lman,1
problã¨me,1
peyia,1
swiv,2
tjrs,1
lari,1
vrã¨man,1
alez,1
goumen,1
pnc,1
pennlive,2
cojwvsw6j6k2,1
co3fzn6dgtu8,1
10tv,1
forgiven,1
cancelled,3
200000,1
cohjymp6xf8c,1
cozet1e6xi7t,1
marshablackburn,3
liked,2
color,1
lovely,1
reap,2
sew,1
coysoygo4fk4,1
stephharlowe,1
commercial,1
referenced,1
misrepresented,1
nonviolent,1
drug,2
possession,2
offenders,1
stance,2
misinterpretation,1
comz8xyyitjp,2
politicususa,3
avoiding,1
games,1
comments,1
couy5xjiwn1o,1
cops,1
rehab,1
assistance,2
cowvm3muevdo,1
hodgetwins,1
numbnuts,1
stole,1
presidency,1
400,1
judicial,1
nationwide,1
sapat,2
clan,1
ata,1
gusto,1
nya,1
senado,2
magkakamag,1
anak,1
nlang,1
ðÿ™ƒðÿ™ƒðÿ™ƒ,1
ðÿ’,12
gwen,3
stoltz,3
religious,3
based,3
coasejc6kbwb,3
nonphilly,1
readers,1
editorial,3
gem,1
aug,3
flimsy,2
finances,1
cokbrbrp5csf,1
jrywolfe1999,1
lapislazuli234,1
entirely,1
shitty,1
eklundmatthew,1
anthonymkreis,1
employment,1
educated,1
mba,1
americorp,1
employer,1
employees,4
pension,4
investment,4
firms,4
1957,4
nows,4
cod0nomghepa,4
midaugust,1
2540,1
basing,1
historical,1
ðÿ’™ðÿ’™ðÿ’™ðÿ’™ðÿ’™ðÿ’™ðÿ’™ðÿ’™ðÿ’™,1
status,3
crystal,1
updates,1
includes,2
aznhpa,1
covosxkctkru,1
cotgzfhtbz2o,1
katrinakatrink,1
getinnocuous,1
saysdana,1
fulton,1
loads,1
jan6,1
breakins,1
breakin,1
hot,3
af,2
ðÿ˜oh,1
raceðÿ¤­,1
requested,1
learning,2
estate,1
assets,1
valued,2
coeqakjhdhfk,1
distinguishedâ€¦,1
ðÿ¤¡,1
co6ptmeqmcdo,1
smoochybeth,1
wildforcongress,2
coykhxej6lve,1
theeconomist,1
kick,1
milwaukee,1
joint,1
rallies,2
hokagerlsama,1
chuper,1
maisip,1
kapakinabangan,1
makakaapekto,1
dinadanas,1
pinas,1
ngayun,1
papogi,1
pts,2
supersinyor,1
kunyari,1
ibubuga,1
maging,1
relevant,2
marxist,2
screw,3
coi8yolszpvv,1
links,2
medias,1
earn,1
conovkkh6tw5,1
tank,1
maintain,1
hegemony,1
opposition,1
coiiamsszzb8,1
kidnapping,1
false,1
imprisonment,1
charged,1
pompeo,1
scope,1
depth,1
relationship,3
coyoiswhjot1,1
baked,2
ðÿ¥ž,2
dayâ€”our,2
verdict,2
rout,2
improving,2
gaining,2
tweetðÿ‘†,2
codtiftgn9ja,1
sputterman,1
reply,1
presising,1
respond,1
owners,1
west,1
interactions,1
toured,1
area,5
blackowned,1
op,1
inability,1
co2iyylupczp,1
coqokmhztlqz,1
terminology,1
dishonest,1
clownish,1
coppjh1vwccd,1
cotpdp4atpud,1
several,2
govenor,1
killer,1
kill,1
wacked,1
box,1
bare,1
kiyã¨s,1
bloke,1
jihnfetterman,1
spirit,1
corefz7cbq4e,1
zeeshanaleem,1
â€œpolitical,1
courageâ€,1
courageous,1
appear,1
disservice,1
charade,1
ðÿ–•ðÿ˜‚ðÿ¤£ðÿ¤¡ðÿ¤£ðÿ˜‚ðÿ–•,1
cougaomilmtd,1
ol,2
sheeze,2
nowhere,4
cohr8net814y,2
tired,2
broad,1
spawn,1
fascist,3
nazi,3
dance,1
col8lsnaxdnc,1
freeloader,2
preside,5
attended,5
pardons,4
meeting,5
cofffph9exwk,1
exhausted,2
unfathomable,1
nazis,1
catching,2
terrific,2
44th,2
jessica,4
florio,2
outstanding,2
cosjqscxh1wq,2
cotoi4oyemva,2
comna1y5lqmx,2
corahhna7d1o,2
puppet,1
neophyte,1
marching,3
orders,1
rrump,1
attendance,1
hint,1
biding,1
coxtzdfsdeqm,1
robjeny,1
co3umr5f303y,1
bipartisansolution,2
final,7
522,2
youth,7
paleadfree,2
pap4children,2
cojbztqsia8n,2
couljnkm3zv8,2
rainy12468,1
indivisiblelnh,1
maddow,1
allinwithchris,1
thereidout,1
buckscobeacon,1
indivisibleteam,1
paindivisible,1
letsturnpablue,1
indivisiblephl,1
ulleryatintell,1
bubble,1
misinformed,1
downtoearth,1
jortsthecat,1
allinpa,1
measures,1
constitution,1
co0l7borrrji,1
pmmcdaniel,2
nickknudsenus,2
flippablefive,2
cok2dhujrxdd,2
maureenls,1
alexgcohen,1
joy,2
shouldnâ€™t,1
reasons,3
westonjk,1
cokjb9ezhgkh,1
cobboig80cla,4
seeking,2
suffers,2
auditory,2
process,2
disorder,2
embarrassment,4
mitchinaz,4
rent,4
cot62dexh8ne,1
approving,2
trustees,2
combining,2
ray,2
zaborney,2
staffer,2
krystjan,2
callahan,2
hanna,2
jr,2
highprofile,2
booster,1
blasts,1
leaked,1
gutter,1
copeygct1njz,1
dumpty,1
equally,1
40â€™s,1
coqf4ewtnrrc,1
spectator,1
cobhotvc8d4g,1
keepingamericainformed,1
cot3ikosgwlb,1
forward,5
lawmakers,3
steps,1
accessible,1
comeayfotseg,1
peaceful,1
transfer,1
cokar9p8rqvu,1
panews0verviews,1
fracking,1
kills,1
puppies,2
inhumanely,1
cult,1
holdings,1
alien,1
uniparty,1
rescuing,1
jaws,1
abiding,1
taxpaying,1
involved,1
witless,1
graham,1
cosi8wnrlrmb,1
ðÿš¨my,1
rðÿ”´,1
dðÿ”µ,1
tossupðÿÿ¡,1
likelihood,1
corgffjblmei,1
con22rxywpn6,1
lisa,2
staunch,1
advocate,1
northeast,1
20th,1
votenov8th,1
election2022,3
covn8fof0dpu,1
quinnipiac,1
coqkltwlbtof,1
cof4hx8fei3g,1
cof5aakegjvihuge,1
coumqpejlbx1,1
intricate1119,1
rguy1152,1
murdering,2
j6,1
participant,1
coh4k6o39rnh,1
outsourcing,1
j,2
sighted,1
amoneyresists,2
birdydownunder,1
cartwheels,1
tossed,1
ex,1
â€œwinsâ€ðÿ™„,1
cutting,2
expanding,3
roll,2
fâ€¦but,2
51st,2
52nd,2
âš¡ï¸,2
cosqzs4dedgx,2
benoã®t,1
kouman,1
repete,1
lã¨m,1
reflechi,1
pragmatig,1
pouvwa,1
menl,1
relew,1
ranplasel,1
rapã²,1
deyã²,1
politk,1
prone,1
pwopozisyon,1
kristinawong,1
repstefanik,1
careful,2
elise,1
carrying,1
carried,1
jacobdotgov,1
recommend,1
bother,1
lasavloff,2
repkinkead,1
pahousedems,1
eager,2
womans,1
2smitty2,1
reject,1
figure,1
pork,1
smarter,2
dgozinya,1
smaliwaves,1
responsible,3
struggling,2
majorities,2
kensington,1
nospinnews,1
billoreilly,1
fettermand,3
georgetakei,3
co4ck91b1dmc,1
coytblbatwfc,1
realcp,1
coyl7j69j00b,1
co5cdfo3b1zo,1
tht,1
66,1
percent,1
usasenate,1
ampshe,1
duties,2
tempore,2
fettermanlt,1
hv,1
coylho5aeitx,1
wherever,1
alone,6
â€œwhat,2
resource,2
multiplies,2
roadâ€,2
â¦profklâ©,2
cozfkah9cvz6,2
inbox,2
brian,1
fitzpatrick,1
plans,2
aligned,1
proposals,2
excite,1
corplf5aq9kd,1
unapologetic,2
bold,3
ruthless,2
cave,2
mister,1
caruso,1
chum,1
mccarthy,10
mill,1
june,1
karenbassla,1
donors,1
nursesofpa,1
scroll,1
reloaded,1
hd18,1
lauriesmith4pa,1
wasnt,5
listed,1
gungirllove1,1
lsipel,1
2010,1
taxation,1
co99xe4voasg,1
cofjygdob8ig,1
sow,1
co5c7edwyxri,1
nyu,1
observatory,1
aggregation,1
meta,1
facebookâ€™s,1
parent,2
company,3
cohrcfj2fclu,1
measure,2
7th,1
coopos5l6tgs,1
moneyâ€,1
strategist,1
cash,2
endured,1
cotfztiaxrki,2
travis,1
nelson,1
dist,1
challenging,1
rod,1
pelton,1
paintball,1
duel,1
forum,1
copolitics,1
koaa,1
cof1qhfgucem,1
rem,1
recession,1
doubled,1
womensâ€™s,1
cog9zer5np5a,1
pennnews,1
pennnewsnetwork,1
phillynews,1
pittsburghnews1,1
runner,1
drawing,1
crowds,1
previously,1
cohstzffjlzy,1
â€œfetterman,1
coukpxjgwkhz,1
91,2
86,2
61,2
27,3
d14,2
loon,1
saveamerica,1
co4w1m5lqb0z,1
multi,1
elitist,1
wgal,1
coieplhcn6e2,1
bellboy905,1
names,1
stores,2
shops,1
couxog4fqbb0,1
co2pchrg8wwf,1
coqkigvhfplj,1
failing,2
fail,1
attend,1
unluckiest,1
342,1
commemorates,1
recognizes,1
childhood,2
awareness,1
â¬‡,1
coe6xt51tovz,1
documentary,1
tale,1
narrate,1
marriage,1
biz,2
independence,1
awards,1
innovations,1
conj0svyarwl,1
haters,1
coc4pp9urubd,1
nycsouthpaw,1
cowardly,1
selfrighteous,1
inaccessible,1
exclusionary,1
punitive,1
bigotry,1
governmentâ€¦,1
coyhng07e3fy,1
outperformunderperform,1
overperform,1
underperform,1
col7dhz6m8ms,1
mrsparky,1
yall,1
ego,1
couldnt,1
freakin,1
idiotic,1
5m,1
peachessabiii,1
kurtschlichter,1
sisters,2
dollar,2
appraisal,1
value,1
mineworkers,1
protections,2
return,2
dignityact,2
co5544y7rgme,2
cotgs7x0jozf,1
ðÿ‘‡ðÿ»ðÿ‘‡ðÿ»ðÿ‘‡ðÿ»ðÿ‘‡ðÿ»,1
conkn7rnccjl,1
coqpiewzmpio,1
cosfykelrefx,1
con4euysgfw1,1
kywnewsradio,1
cozfr3mt49tp,1
donor,1
initial,1
tone,1
caslernoel,1
softness,1
strife,1
illicit,1
conduct,1
ðÿ’œ,1
upstategrant22,1
ohpredictive,1
govsenate,1
finchem,1
abe,1
withfor,1
nervous,2
copqbrudyksr,2
stevencworlds,1
lhop963,1
gregprice11,2
timrunshismouth,2
awhile,1
droz,2
congressman,3
gtthompson,2
pa15,2
cocp3g5yxzfa,2
voteforfettermanpa,124
â€œhealthcare,124
heroes,124
honored,125
ðÿ’¯â€jf,124
cou18okihnom,124
cof96mlxjfc3,5
froim,1
scalise,4
mtg,1
stefanik,4
visited,4
school39,4
reported,1
monogahela,4
twp,4
cog2xwkomu50,1
cohgvojlcigh,1
probability,6
salem,6
centercspi,6
forecasting,6
tournament,6
39,7
73,6
57,6
78,6
disagree,6
market,7
coixy7pujyl7,6
cozqlnjvcuvl,2
kinsellawarren,1
sensible,1
certainty,1
governorships,1
vulnerable,1
andrealrusso212,3
padems,4
republicanheld,3
lizziereformed,2
zombie,1
bradfock,1
unseating,1
shift,2
hampshire,1
pappas,1
magats,1
stunning,1
ten,1
coboydc4vr3z,1
coi6ebnetbgi,1
jon,1
co3bzijb0wid,1
co5z7rvvhjrp,1
republicansâ€™,1
boost,2
needing,1
music,1
lyrics,1
covc7ac6vbz0,1
coiis4lgoihg,1
yap,1
gaspiye,1
palman,1
regle,1
diminye,1
liks,1
envã¨sti,1
taks,1
ãˆske,1
enpoze,1
propriyetã¨,1
peye,1
enpo,1
lokatif,1
iresponsab,1
coppmz3eeqdl,1
con3dcp38nbn,1
cogqs0dvfele,1
co2epo5hfed6,1
newetomidate,1
cof7zlzrqj9c,1
cof7zlzs8kyc,1
commie,1
occupies,1
elective,1
coac8r1kwznf,1
cohlc4zjqdtg,3
balancing,2
development,2
protecting,2
civil,2
healthï¿¼care,2
mailers,2
kindness,2
tulgaat,2
debramc85536001,2
hansmahncke,2
dina,2
powellâ€™s,2
establishmentmcconnell,2
husband,2
answering,2
endorsing,7
timmytimtom5,1
led,7
co05vgwc625s,1
unpopular,1
firstterm,1
opposite,1
assume,1
particularly,1
levifetterman,1
jenniferforpa,1
levi,1
ðÿ™ðÿ’™,1
jennifer,1
ðÿ”„,1
sd40,1
dorsie,1
shoein,1
ton,1
covqtz89fk0h,1
kathy4truth,6
native,1
preferring,1
openly,1
gaffes,1
refusal,1
hometown,1
â,1
weigh,1
hardest,1
cosvtaosxnu5,1
proheroin,1
antifracking,1
expose,1
itsjonimerritt,1
rpirouzniajr,1
stevejfarley,1
resist05,1
lizchurchill1,1
braun,1
unproven,2
â€œstitched,1
frankenstein,1
episode,1
mattboxer94,1
overall,1
guarantees,1
rollonunzio,1
yinzers,1
unions,2
samiaalisalama,2
scotswoman06,2
ðÿ—³ðÿ’™,61
senatorwarnockga,61
senmarkkellyaz,61
sencortezmastonv,61
theothermandelawi,61
senatorhassannh,61
dlaws99,1
supposed,1
products,1
turbon2o,1
straightforward,1
nationality,1
goals,1
governance,1
familiar,1
evaluate,1
1m50s,1
supportdonate,1
cokponwoyxik,1
supportfetterman,1
coemzfidmglz,1
cot2do8hmmbp,1
ozfetterman,1
advertised,1
â€œfortifyingâ€,1
lefty,1
ag,1
joncoopertweets,5
foot,2
a55,2
119,2
5248,1
unforced,1
errors,1
kinda,1
unpredictable,1
epennysworth,5
climateelf,5
interiortherapy,5
pattiewalker4,5
getyourfoxyback,5
mycatsvoteblue2,5
kaitlinfish8,5
alexusnotacar,5
mickeyb121,5
cojcr2a3cwrd,5
crisis,1
crossed,1
delaware,1
coc07p0jy0di,1
burden,1
c00752691,1
coe03qvfidkk,1
4285,1
71,1
27591,1
s6pa00274senatepa,1
inc,1
advertisements,1
1632421,1
regionalisms,1
attitudes,1
sociolinguistic,1
solidarity,1
ling107f22,1
ling129f22,1
cooegr1us0u6,1
doctored,2
videos,2
exaggerate,2
posthealth,2
tiktok,2
couxc6768qv4,2
sean1356,1
teamphil,1
twwite4,1
angryfleas,1
mmmmechtwaar,1
mikedobridge,1
phillyh821,1
77,1
signed,1
31,3
unilaterally,1
provisions,1
co3d0fncipxb,1
hated,2
obama,1
approvals,1
wand,1
bidendisapproving,1
shaycromac,1
misspell,1
joycewhitevance,2
sold,1
slew,1
dianafortexas,1
jillaprn,1
cofg1r1balw8,1
andre,1
wilkerson,1
owner,2
aw,1
driving,1
meets,1
discuss,1
critical,1
minoritybusiness,1
cdl,1
trucking,1
drivingschool,1
lehighvalley,1
coutkd0fxrcq,1
theladygrey,1
tuker,1
scumbag,2
sympathizer,1
coexaxo1cq3j,1
compass,1
tucker,195
ilk,1
am990theanswer,1
netimesofficial,1
triblive,1
metrophilly,1
sophreview,1
phillyweekly,1
pghcathnews,1
couriertimes,1
covx89pnx03x,1
coezs8yg0qt8,1
fed,1
referred,1
hippa,1
tvdroz,1
ticketsplitting,1
drnewjersey,1
peddles,1
jumped,1
casting,44
allegiance,44
traits,45
factors,45
fore,43
coekhrqgjrcg,43
â€œin,1
electionâ€,1
johnfettermanâ€™s,1
voteforjohnfetterman,1
convqgj9pplk,1
playing,407
defrauding,406
adviceâ€¦then,406
song,406
lyric,406
changer,406
newtâ€™s,406
colw0isbqzce,406
rubengallego,70
senatorsinema,70
âœ”ï¸make,22
âœ”ï¸last,22
âœ”ï¸elect,22
cofj94owcqpe,22
cor5cyyzklaw,22
drydennovelette,1
fraternal,8
lodge,5
splitting,5
comb6hetyokl,5
winv,1
co7qxl64k08t,1
davidfrum,1
teamdem,1
disappointing,1
phlconservative,1
communicate,2
thoughtfully,1
raciest,2
comcguxarasw,2
sleep,1
maayos,1
suddenly,1
sogie,2
amputangina,1
matanda,1
pala,1
saakin,1
nyo,1
pang,1
uminit,1
dugo,1
insideradvantagefox29,6
finds,6
erik,6
gerhardt,6
dive,6
fox29philly,6
punk,1
lowest,1
individual,1
kyrsten,12
switching,12
epochtvus,1
chooseâ€¦,1
democratz,1
forðÿ’ðÿ¾,1
thelinesus,3
deepest,3
dives,3
slipping,4
corwkvsuq9kw,3
mccullough,2
testifies,2
â€œall,2
vaccines,2
marketâ€¦,2
thorough,2
study,3
vaccine,2
cow5ak7jzjlm,2
damintoell,1
peepsbrand,1
trumpdesentiis,1
purpose,2
coolqlkdv4lx,1
jtierney12,1
ghostofgladysk,1
flash,1
technology,1
fingertips,2
utilizing,1
conversation,2
richardgrenell,1
grenell,1
physically,2
neighbor,1
tattoos,197
thankfully,1
someoneâ€™s,2
usjewishdems,1
orourke,1
demcrats,1
co16j5ahbuq4,1
bums,1
cohovhw836f5,1
newt,175
gingrich,172
criticizing,172
rough,5
totes,5
donning,5
victims,5
skin,5
coysqifbea7l,1
passiveâ€¦,5
linseydavis,5
broadcast,5
network,5
interview,5
nom,5
stream,5
929,5
7pm,5
et,8
co9mppcmgcbk,5
produced,1
ðÿ˜­ðÿ˜­,2
damonmast,1
mooched,1
half,1
population,1
presiding,1
resume,1
ablackpolitical,2
gangster,4
mayoral,5
2005,5
adopted,5
tactic,5
appeal,5
boroughâ€™s,5
notorious,5
crips,10
street,5
gang,5
coc5ghmomqrw,4
claytravis,3
seek,1
coz1tywuehyb,2
rooting,1
teams,2
nfc,2
afc,1
moronoz,1
dayðÿ”ÿ,6
jill,6
dennin,6
jillforpa,6
gopcontrolled,6
1993,6
co7goadmqptr,6
verafiles,1
gemoraaudie,1
makapangyarihan,1
ibinoto,1
beses,1
naging,1
mayaman,1
sabihing,1
tanga,1
pinoy,1
fan,2
bets,4
cont,1
closest,1
14c,1
10c,1
7c,1
5u,6
14043c,1
115,1
1u,7
165,2
300,2
120,3
71c,1
72c,1
50r49d,1
nhpa,1
hodling,1
30082c,1
27568c,1
200,2
2u,4
150,1
mgn,1
o5,1
fascistic,1
metaphor,1
cells,1
engage,1
antisocial,1
rehabilitation,1
excised,1
colgfv8nn8pj,1
coydudoobtmp,1
reiterate,1
tighten,1
ferespew,1
siw,1
konsey,1
ã,1
teka,1
tchouboum,1
cozf5hlhevbr,2
implications,1
bobbyhe45365937,1
aggregate,2
co0tk4p3wx2e,1
latoyadjordan,1
latoya,1
saving,1
various,1
cotc1oarferq,1
eviledrobinson,1
neither,3
impressive,1
billybaldwin,2
understands,1
everyday,10
cox6p0mjcn3h,1
conversations,1
dinner,1
nixed,1
coaiu5bfcxot,1
imnotmandie,1
shanemaps,1
lord,1
ðÿ¤£ðÿ¤£ðÿ¤¡ðÿ¤¡,1
briankarem,1
shake,1
co185i6nndrg,1
axlgooner,1
postertubs,1
convinced,1
corman,1
positionâ,1
barletta,1
realtuckfrumper,1
shell,1
switch,1
pillowfightco,2
heavyhiker,1
jennobenno,1
marlingaformi10,1
respective,1
generalize,1
aware,1
cok9nqoj7iot,1
cojlu75obujo,1
cof8yzri6a9l,1
cojc0nhvdfns,1
cotjqggllkme,1
codqfhzs5lsn,1
supermarkets,1
franken,5
iowa,5
booker,5
ðÿ‡ºðÿ‡¸ðÿ‡ºðÿ‡¸ðÿ’™ðÿ—³,4
cowvh3quvm57,4
politifactwisc,1
aaronblake,1
coshyyl8zuxk,1
download,1
co0ycze7aohr,1
coq1cljsmgub,1
briantylercohen,1
storm,2
trooper,2
jacket,2
gray,1
gloves,1
photos,1
cot2cudanxbw,1
cohc7o5mqan8,1
emptywheel,4
enlarged,2
image,3
cok58pzvi0xo,2
coeihbsruit1,2
jeffâ€™s,1
chair,1
cobmsyw4ewdx,1
wajahatali,1
coverage,1
grant,1
interviews,1
liking,1
missouri,1
alive,1
co6yaedhda9l,1
castilloadina1,1
thirdworldbs,1
panitejar,1
auditpennsylvania,1
leaves,1
covhki2jfcou,1
moderatenydem,1
missing,3
99,1
7580,1
staceyabrams,2
davramdavram,1
co1tin4qrw57,1
warrens,1
wantsneeds,1
cmclymer,3
ðÿ™„ðÿ¤¦â€â™€ï¸,1
greschenthaler,1
gopleader,1
billionaire,1
endorsements,3
cityandstatepa,2
coqj5tm9zbpy,2
jhanedouze,1
veye,1
bwa,1
kale,1
aller,1
prochain,1
ã©lection,1
ui,1
ðÿ‘,1
fop,10
sbcmw,3
details,3
cozmrk9av5bj,3
cowboys4life48,1
admire,1
persistence,1
wideopen,1
cohw7qz7rvwt,1
coxmoejukayw,1
alright,1
kvon,1
cringes,1
co1f2yrhjpcs,1
youtube,2
tazerface16,1
hyped,1
darthventi,1
rt84296119,1
chosen,1
coqwzdx0jhen,1
219eth,1
lit,1
peep,1
growth,1
string,1
lmao,1
margins,2
freeing,1
useful,1
douglaslukasik,1
yup,1
franklin,1
marshall,1
ðÿ˜‚httpst,1
coaoitg68r8b,1
com6og1k9yho,1
stevenmoyer,1
1000x,1
corybooker,2
shapiroâ€™s,1
youâ€™ve,1
btwâ€¦,1
coooq0cqqyq0,1
paultx890,1
airport,2
commerce,1
sellout,1
enjoys,1
robust,1
visionary,1
coterra,1
energys,1
stark,1
co4ak3a5fj1l,1
â€˜tis,1
season,1
splits,1
cop,1
amount,1
rga,1
â€œfund,1
causesâ€,1
ducey,1
confirming,1
doest,1
racists,1
insurrectionists,2
co3enleyqqr8,1
ticketsplitters,1
anecdotal,1
whispers,1
philadelphias,1
col6mqv5tkb9,1
globalist,3
reading,2
beg,2
offer,2
corznnwlyw2o,2
juddlegum,1
â€”â€”gt,1
senateâ,1
co9o3asqpig5,1
wawa,1
received,1
unanimous,1
23rds,1
cotagqowuutu,1
career,1
rino,1
luck,1
unusual,1
called,1
reforms,1
separated,1
occasionally,2
citys,1
traditionally,1
democratsupporting,1
co7ozd7qgqxz,1
corners,2
batshit,2
cowl7gqyc25t,1
mwpolitics101,1
reedgalen,1
katiephangshow,1
baddcompani,9
realistic,9
increasing,9
sjmoderate,1
pure,1
atm,1
maniac,1
coqpx0y1amej,1
italian,1
ashamed,1
administration,1
remotely,1
cooxgagyldiq,1
corc3xmrwpa8,1
nine,1
inch,1
nails,1
14th,3
covers,3
northampton,3
eastern,3
emmaus,3
col8khwtfgw8,3
co8aqlpoyhow,1
er,2
1920,3
1320,3
1220,3
inward,2
conditions,2
josephszymanski,6
co8aqlpoy9zo,1
coewvdz3fufp,1
sharonjwright1,1
thehill,3
tuckers,1
boot,1
straps,1
60k,1
cars,1
rental,1
kerpen,1
santiagomayer,2
voterstomorrow,2
chrislhayes,1
shumishums,1
yaniyancruz,2
bongbongmarcos,2
noh,1
kaso,1
bobong,2
uto,2
utong,2
inutil,2
naniniwala,1
commqn31myvg,1
seoulkld,1
meron,1
niniwala,1
corc3an7dkvf,1
restore,9
nov8th,9
cot1xc0rzulh,9
corq1mwzsrww,9
fluffer09954222,1
roof,1
oldskoolleftist,1
endlessrevolt,1
probablymonty4,1
redeviction,1
benigma2017,1
autumnrain04,1
jend1974,1
smenor,1
whatwouldjahdo,1
clintonrjean,1
implements,1
jealous,1
rightward,1
hopelessly,1
whackadoodles,1
ardent,1
stakes,1
ðÿ¤žðÿ¼,1
coiwwd8ov5nv,1
coamvkbyesuj,1
firing,5
cogia2pc2828,5
electionsdaily,5
ppdunion,1
sides,2
typical,1
eat,1
co1rcsmi2zkl,1
cool,1
deftly,17
swatted,17
carlsonâ€™s,17
snide,17
co3i0cpsks3s,17
cob51goehoow,1
popehat,1
cob51goehgyy,2
fpwellman,1
ninaturner,5
michiganlion,1
mipanhma,1
goofball,1
pushing,1
kaguya02,1
locked,1
wokes,1
twice,1
intellectually,1
intellectual,1
heat,1
surprisingly,1
phillyâ€™s,3
cowinzxsl1p4,3
awful,1
bestifusedby55,1
co8yvf7kuqob,1
sn00pdad,1
agda,1
0liviajulianna,5
coxwocsnhd34,1
ftcjmhp226,1
tweeterleedee,2
residentpas,1
senatebiz,1
34k,1
employeesamppays,1
federalampstate,1
feed,1
53yrs,1
gasdayfree,1
healthcarepension,1
amptravel,1
spangled,1
rla,1
colleague,1
bethmrodgers,3
corfkdw61zkl,1
attempts,1
clark,1
maricopa,1
dakota,1
parts,2
mngov,1
jervoriusr,1
bruh,2
wouldve,1
wasted,1
dâ€™s,1
contemptible,1
coymeq5ce4qp,1
760barry,1
senior,1
promoted,1
suit,1
named,1
suffice,1
kits,1
personalize,1
card,2
coanl910abmy,1
corccqoml3cv,1
hugolowell,7
bochetto,2
aim,2
sells,2
coffee,2
beans,2
ladies,2
sands,2
fame,2
married,2
stories,1
tragically,1
cohr74irvwpc,1
copem5hwyt25,1
coq7hnngsjui,1
johncolemmorvan,1
kriz,1
rã¨d,1
paskel,1
konstitisyonã¨l,1
otan,1
respekte,1
zansã¨t,1
lwa,1
aak,1
pratik,1
yonou,1
siyen,1
el,1
rancho,1
kel,1
ideyoloji,1
ðÿ‡­ðÿ‡¹ðÿ˜ž,1
historically,1
convince,10
annetteroussel2,1
stevelindsaycbs,1
cbsphiladelphia,1
suntoucher23,1
dalarrykrasner,1
diff,1
umm,1
prince3eb,1
manfredvonfrg,1
blake42626804,1
stillgray,1
wolfe,2
uncle,3
fester,4
soros,1
caved,1
â€œ,2
flatten,1
curve,1
hitler,1
rose,1
gawarnock,11
flcharlie,11
demmings,11
txbeto,10
oâ€™rourke,10
sweep,11
ohtim,11
sckrystle,11
mathews,11
azkatiehobbs,8
coho8d5zpef1,2
satan,1
wichoo,1
legitimate,1
infused,1
behalf,1
codku06tka2h,1
kinclement5,2
co5skitjj7mm,2
dougshootsstr8,1
sonicj55,2
heâ€™d,1
rewhy,1
postponing,1
dudeâ€¦,1
spot,1
jennife99766325,1
ears,1
prize,1
erikfazbear,1
modmothernature,1
daphneoz,1
karilakewarroom,1
stealing,1
daphne,1
episodes,1
mud,1
heathenking,1
physician,1
announcing,6
â¦drozâ©,6
codfp1y3wfn4,6
carpetbagging,1
charlatan,2
anariablooms,1
ah,1
deeply,2
codyvugrudpe,1
rickclark23,2
condddpxndso,3
pulls,2
â€œheard,2
shotâ€,2
steveschmidtses,1
flipflopped,1
march,1
charlottesville,1
initially,1
condemned,1
slammed,1
dismissed,1
hoax,1
cottarzpixje,1
abt,1
pharma,1
supplement,2
mfrs,1
screwing,1
compelled,1
forties,1
loft,1
hero,1
codb3jh3ap2k,1
discussed,1
montco,1
codyyenaxx3p,1
fine,2
veggie,1
platters,1
grocery,1
votebluein22,1
system,1
gathered,1
providence,1
coiwtayymf0e,1
davidpa28140956,1
robertcahaly,1
murraycampaign,1
smileyforwa,1
range,1
cooclgoz0keh,1
conbvffznzpr,1
co97txipig8d,1
complicit,1
corsjzqp3yja,1
pmaunion,4
inquirer,1
reporter,2
talks,1
cochranshow,1
co4iun21vntj,1
smarttalkwitf,1
noon,1
21,1
governordemocrat,1
cozuisl9vifk,1
coyoqala1jg0,1
co8fgvovwnkt,1
lindayinzer,1
cozvdgqx6inu,1
cojbtvhi3s7l,2
repsainato,1
loan,1
recruit,1
coybsh8tjzuv,1
binubuo,1
database,1
namin,1
mish,1
psychsoc,1
linilista,1
nakita,1
pangalan,1
kiko,1
kawawi,1
huhu,1
kingina,1
mali,1
linista,1
outdated,1
hahahh,1
cbsmornings,1
60minutes,1
26,1
instigated,1
munchkin1432,1
incessant,1
tennessee,1
17400,1
drozâ€™s,1
couldâ€˜ve,1
co9ddfprvask,1
dieulivensjules,1
mezanmi,1
kay,1
vil,1
chyen,1
solutions,1
amplification,1
peopleâ€™s,1
service,1
municipal,1
deputy,1
protection,1
cleanwatervoter,1
coszswwjyeym,1
celiaisrael,1
genzforchange,1
woulda,1
temerity,1
jog,1
appealing,1
corpzudaxicu,1
poorly,2
co73puvjo8gb,1
ethan,1
edward,1
coston,1
co3ue88zrdth,1
betomedia,1
corqqqbnptn5,1
principles,2
330m,2
boy,1
fettermanampdr,1
vying,1
mother,1
changers,1
yikes,1
co89ybl4p8zr,1
mark20178785,3
kevin,8
proving,4
stolen,5
decertify,4
co0w6gexebtt,1
employs,1
illegals,2
cob15hqnlkid,1
wolfgov,1
wolfshapiroda,1
djt,1
riseresist,1
condddpxn62q,2
screams,1
supposedly,1
shooter,1
promoting,1
codxo8pyjiig,1
cokqrkczi1wv,1
upbringing,1
undercuts,1
acknowledged,1
cushysuburban,1
accepted,1
cowb8yrpdxff,1
comnz23coa15,3
janzaxbee,1
condddpx5ueg,1
braddocks,2
frosty,2
rarely,2
exborough,2
manager,2
ella,2
acted,2
majorityblack,2
ambitions,2
cozsawbiuxlz,2
tattooed,1
arm,1
cofrewbrcbut,1
coaa0xug62xa,1
brianschatz,1
oops,1
timer,1
protreason,1
cofyvolldhvi,1
unless,1
sat,1
bethlehem,1
bellwether,1
cokx1wno6cre,1
danpfeiffer,1
avoided,1
obv,2
scammer,1
teeming,1
cogpvbrhkfyp,1
monaheart1229,1
blocked,1
human,1
couxuxpmgilj,1
sleazy,1
presented,1
flaws,1
senateworthy,1
exists,1
vacuums,1
cozcqcdcj80w,1
ydrcom,1
â€˜safe,1
republicanâ€™,1
idealistic,1
sleeppunished,1
erã¨,1
pafã¨men,1
kwã¨,1
malgrã©,1
benoitmwen,1
tounou,1
mal,1
oryante,1
vyolans,1
ali,1
youn,1
considerably,1
perplexed,1
ðÿ™œðÿ’ª,1
wouldturkish,1
parachute,1
moneyfunded,1
hurts,1
whatcha,1
co1lpoqivzk8,1
johnfugelsang,1
hypocrite,1
codocsfyeurv,1
easily,1
coqgikby2isc,1
writes,1
tatoos,1
bingo,1
cospcrmd0imp,1
befuddling,1
nimrod,1
cosei0outq8j,1
corqy5mbjti4,1
pair,2
profiles,2
dazzling,2
portrait,2
procedural,2
fery,2
score,2
coad57sidcms,2
co21jyyqbfwj,1
mailin,1
challenge,1
ocd,1
choosing,1
co6sa7bc5vrw,1
cou779ensapf,2
approve,1
commonwealthâ€™s,1
cozezh9wpzje,1
carlyhcooper,1
australia,1
prime,1
minister,1
signature,1
enshrine,1
maternal,1
wage,1
capped,1
150k,1
defeated,1
besties,1
lastly,1
personâ€¦ahhh,1
â€œnewâ€,1
fascism,1
agnst,1
creepy,1
lump,1
hoody,1
sweat,1
shirt,1
cojkzwaldt9m,1
covqxe3ksksb,2
coh0qhjye6wc,2
shattered,9
isthat,9
coxbgpaqm0yk,2
cojjjtoyhdyz,2
twot,1
mtgreene,3
extra,3
cor3mbog179m,3
tyranny,1
elites,2
populists,1
senateâ€™s,1
nra,1
rafael,1
charles,1
coviuucngpys,1
nay,1
downplayed,1
gangâ€™s,1
prevalence,1
attribu,1
coiszy0v5swn,1
combksboc3ia,1
coktn83amecm,1
coeinqnkx0mv,1
coieupuncrh9,1
co0fditlrqeb,1
coi5oko1rpni,1
covxrrcjulbh,1
colmehquf1ab,1
coyrbgru0jwy,1
coi2kksd1xgl,1
comgkbh2ywh5,1
cozokv0x70zc,1
co7vyw2ofpqy,1
cowxbcuamdsc,1
ozwhile,1
license,1
misleading,1
sciencefree,1
therapies,1
homeopathy,1
fad,1
diets,1
detoxes,1
cleanses,1
yea,1
ðÿ¤‘,1
cojhdgz0iibw,1
cogagnxnmquw,1
cocbxub7fztf,1
covvltiqg3lf,1
cowudc0db7gv,1
cofcoeq3c4uu,1
corwkllimrsl,1
covwlbmrnkbw,1
cobjbl7mdt1h,1
colhhk1jcajw,1
co9caig3kddw,1
co2wtuxinjnx,1
co9ez0uoennb,1
coxss5m89sfm,1
correlatedâ€”whoever,1
otherâ€”then,1
practice,1
correl,1
helps,1
offset,1
ohncwifl,1
azpanhwaco,1
davidblogericbw,1
iampeteiam,1
asplund,1
tree,1
hiring,1
96,1
society,1
scrappy,1
fighter,1
mahoning,1
valley,1
corporations,1
ship,1
reforged,1
co8thhlxwykw,1
coxvscem63ha,1
dtilt,1
colean,1
rlikely,1
rgatossuptilt,1
ohtossuptilt,1
coqlzqrjb1ma,1
co4ml8qpfaiv,1
â€œwomen,1
winâ€,1
â€œlemme,1
piss,1
â€˜women,1
winâ€™,1
packed,1
corlv9ouifv0,1
face,1
senategov,1
misreading,1
ended,1
mocked,1
disabled,1
tortured,1
co6sl0wwxr97,1
maine,1
col1lgcffe2r,1
signups,1
azgancnhnvpawi,1
cowqwrmkhh7l,1
dreads,1
godawful,1
fupsðÿ¤£,1
lamadam,1
logic,1
pundits,1
coxubmufvbb1,1
randyrrquaid,1
mafia,1
aka,2
goons,1
